{
    "0": {
        "number of epochs": "26/1000",
        "patience": 25,
        "learn rate": 0.0001,
        "dropout": 0.0,
        "train loss": [
            1.1172625933374678,
            1.0968249014445715,
            1.104090270541963,
            1.1061252639407204,
            1.1061330068679083,
            1.1061401140122187,
            1.1061466563315618,
            1.106153204327538,
            1.106159582024529,
            1.1061657582010542,
            1.1061719570841109,
            1.106177962961651,
            1.106183926264445,
            1.106189943495251,
            1.1061959295045762,
            1.1062019155139016,
            1.1062079128764926,
            1.1062137484550476,
            1.1062198962484087,
            1.1062258396829878,
            1.1062318483988445,
            1.1062377379054116,
            1.1062436274119787,
            1.1062495821998233,
            1.106255483059656,
            1.1062613839194888
        ],
        "validation loss": [
            1.0932579040527344,
            1.10382878780365,
            1.1061253547668457,
            1.1061331033706665,
            1.1061402559280396,
            1.1061469316482544,
            1.1061533689498901,
            1.1061596870422363,
            1.106165885925293,
            1.10617196559906,
            1.1061779260635376,
            1.1061840057373047,
            1.1061900854110718,
            1.1061959266662598,
            1.1062020063400269,
            1.1062079668045044,
            1.106213927268982,
            1.1062198877334595,
            1.1062257289886475,
            1.1062318086624146,
            1.106237769126892,
            1.10624361038208,
            1.1062496900558472,
            1.1062556505203247,
            1.1062613725662231,
            1.1062674522399902
        ]
    }
}