{
    "0": {
        "number of epochs": "25/1000",
        "patience": 25,
        "learn rate": 0.0001,
        "dropout": 0.0,
        "train loss": [
            91.2170119030135,
            47.303543862842375,
            62.09602133433024,
            38.401719774518696,
            43.546086175101145,
            20.83949985958281,
            19.29165544964018,
            7.076555848121635,
            21.78362937200637,
            20.89679054986863,
            7.488588466530321,
            6.071721099671864,
            2.788536713236854,
            5.111429007280437,
            3.338723665192014,
            0.6092815292733056,
            1.4196540244988032,
            2.2989541003034577,
            1.6800718648093087,
            0.2733400875613803,
            0.8904482239768619,
            0.020381910799880557,
            0.32890787809377625,
            0.019057626414299495,
            0.005004534957972088
        ],
        "validation loss": [
            64.19766998291016,
            65.20928955078125,
            27.297195434570312,
            46.02480697631836,
            5.409329891204834,
            21.622238159179688,
            6.380486965179443,
            22.769147872924805,
            25.14769172668457,
            13.723021507263184,
            9.012348175048828,
            5.665197849273682,
            11.195923805236816,
            7.585300445556641,
            3.368753433227539,
            6.587244033813477,
            10.206305503845215,
            4.069288730621338,
            2.6077346801757812,
            5.509435176849365,
            1.9583429098129272,
            4.489400386810303,
            2.538489580154419,
            2.334869384765625,
            2.699683427810669
        ]
    },
    "1": {
        "number of epochs": "32/1000",
        "patience": 25,
        "learn rate": 0.0001,
        "dropout": 0.0,
        "train loss": [
            8.302948933227785,
            4.783302687463307,
            3.562430032661983,
            0.4798401658024107,
            1.4981359725906735,
            0.4039082644241197,
            0.00322997721031286,
            0.3012552227187587,
            0.004824357428463243,
            4.00178850513129,
            5.89339173975445,
            1.1787949969792473,
            0.6249015323174674,
            0.00046511737205686847,
            3.889731817166432e-05,
            7.072792771266125e-06,
            2.2337233563770757e-06,
            1.010434244465484e-06,
            6.130743547113784e-07,
            4.825127989858759e-07,
            4.484530676119816e-07,
            4.768358663687607e-07,
            5.165717396272114e-07,
            5.676608738202135e-07,
            6.187498987249759e-07,
            6.584857012675067e-07,
            6.953832110769196e-07,
            7.124127681853073e-07,
            7.322807658873725e-07,
            7.436337761018444e-07,
            7.493103294244801e-07,
            7.578251433366339e-07
        ],
        "validation loss": [
            14.467230796813965,
            11.27743911743164,
            4.638153553009033,
            8.896597862243652,
            5.810872554779053,
            2.07700777053833,
            1.8276537656784058,
            3.240567922592163,
            2.1465158462524414,
            2.9934818744659424,
            3.5058624744415283,
            5.486579418182373,
            5.035084247589111,
            4.218960285186768,
            3.636831521987915,
            3.2298882007598877,
            2.925112724304199,
            2.698131561279297,
            2.5346291065216064,
            2.4185006618499756,
            2.3361289501190186,
            2.2774174213409424,
            2.2352981567382812,
            2.2048914432525635,
            2.1828701496124268,
            2.1668760776519775,
            2.155252456665039,
            2.146808385848999,
            2.1407248973846436,
            2.13634991645813,
            2.133254289627075,
            2.131126880645752
        ]
    }
}