{
    "0": {
        "number of epochs": "34/1000",
        "patience": 25,
        "learn rate": 0.0001,
        "dropout": 0.0,
        "train loss": [
            34.068857201508116,
            14.00011126200358,
            13.838610569636026,
            11.403868777411324,
            1.2125340842065357,
            4.496842174302964,
            0.26214485473576044,
            2.95654134949037,
            1.0719916856005078,
            0.03403104353041965,
            1.1077855002312433,
            0.7443146904309591,
            0.04335178564786345,
            0.00029234018802526407,
            0.0008996684364752756,
            0.039486108774629734,
            0.00011768648397762826,
            1.7654012913970702e-06,
            1.5894542727493002e-07,
            1.2204740557868782e-07,
            3.888467039152894e-07,
            2.0747234601648485e-06,
            5.159516058500777e-06,
            6.8876277974572714e-06,
            7.631046211439444e-06,
            9.31925586097496e-06,
            1.054774764115101e-05,
            1.1228636518706161e-05,
            1.1410204143133673e-05,
            1.1186081478156562e-05,
            1.0683924593785881e-05,
            1.0020041274927394e-05,
            9.288047673533264e-06,
            8.541842787122636e-06
        ],
        "validation loss": [
            25.86949920654297,
            25.92836570739746,
            21.183088302612305,
            9.136812210083008,
            11.298428535461426,
            2.497588872909546,
            0.8676403164863586,
            0.5604341626167297,
            0.016095507889986038,
            3.340200185775757,
            4.934463977813721,
            4.209371089935303,
            2.881359100341797,
            2.168379545211792,
            1.8605698347091675,
            1.4024310111999512,
            1.8796230554580688,
            2.5734641551971436,
            3.1482369899749756,
            3.573911428451538,
            3.876434087753296,
            4.114053249359131,
            4.279122829437256,
            4.394173622131348,
            4.4761738777160645,
            4.514756202697754,
            4.531121730804443,
            4.538259029388428,
            4.53565788269043,
            4.525975704193115,
            4.517082691192627,
            4.509932994842529,
            4.500908851623535,
            4.490752696990967
        ]
    }
}