{
    "0": {
        "number of epochs": "29/1000",
        "patience": 25,
        "learn rate": 0.0001,
        "dropout": 0.0,
        "train loss": [
            570.0846407072885,
            223.34238264674232,
            1.1072121886979966,
            1.1072075735955011,
            1.1072067050706773,
            1.107207817690713,
            1.1072103608222235,
            1.1072140279270353,
            1.1072185976164681,
            1.1072239109448023,
            1.1072294740449815,
            1.1072355168206351,
            1.107241886002677,
            1.1072484794117154,
            1.1072553055627006,
            1.1072623332341511,
            1.1072693921270824,
            1.1072766525404794,
            1.107283890247345,
            1.1072912982531957,
            1.107298737480527,
            1.1073063157853626,
            1.1073138401621865,
            1.1073216426940191,
            1.1073292181605385,
            1.1073369979858398,
            1.107344593320574,
            1.10735251222338,
            1.1073603544916426
        ],
        "validation loss": [
            355.4318542480469,
            1.1072115898132324,
            1.1072072982788086,
            1.1072062253952026,
            1.1072075366973877,
            1.1072101593017578,
            1.1072139739990234,
            1.1072183847427368,
            1.107223629951477,
            1.1072293519973755,
            1.107235312461853,
            1.1072417497634888,
            1.1072484254837036,
            1.107255220413208,
            1.1072622537612915,
            1.107269287109375,
            1.107276439666748,
            1.1072837114334106,
            1.107291340827942,
            1.1072986125946045,
            1.1073063611984253,
            1.1073137521743774,
            1.1073216199874878,
            1.1073291301727295,
            1.1073368787765503,
            1.107344627380371,
            1.107352614402771,
            1.1073602437973022,
            1.1073681116104126
        ]
    },
    "1": {
        "number of epochs": "26/1000",
        "patience": 25,
        "learn rate": 0.0001,
        "dropout": 0.0,
        "train loss": [
            1.1073727210362752,
            1.1073150833447774,
            1.1073172120820909,
            1.1073259228751773,
            1.1073372278894698,
            1.1073500173432487,
            1.1073632722809201,
            1.1073771147500902,
            1.1073913744517736,
            1.1074055773871285,
            1.1074199733280001,
            1.1074345509211223,
            1.1074491398675101,
            1.10746378274191,
            1.1074784795443218,
            1.1074931224187214,
            1.107507776646387,
            1.1075224535805839,
            1.107537173089527,
            1.1075516995929537,
            1.1075664105869474,
            1.1075809058688937,
            1.1075956934974307,
            1.1076102654139202,
            1.1076246329716273,
            1.1076394120852153
        ],
        "validation loss": [
            1.1073131561279297,
            1.1073161363601685,
            1.1073251962661743,
            1.1073366403579712,
            1.1073493957519531,
            1.1073628664016724,
            1.1073769330978394,
            1.1073909997940063,
            1.1074053049087524,
            1.1074199676513672,
            1.1074343919754028,
            1.1074490547180176,
            1.1074634790420532,
            1.1074782609939575,
            1.1074928045272827,
            1.107507586479187,
            1.1075223684310913,
            1.1075369119644165,
            1.1075515747070312,
            1.107566237449646,
            1.1075806617736816,
            1.107595443725586,
            1.1076098680496216,
            1.1076244115829468,
            1.107639193534851,
            1.1076536178588867
        ]
    }
}