{
    "0": {
        "number of epochs": "28/1000",
        "patience": 25,
        "learn rate": 0.0001,
        "dropout": 0.0,
        "train loss": [
            123.13218988691058,
            147.3627686273484,
            54.92838868640718,
            1.108239667756217,
            1.1082592407862346,
            1.1082740340914046,
            1.1082840249651955,
            1.1082906978470939,
            1.1082944444247655,
            1.1082963744799297,
            1.1082968541554041,
            1.1082962439173745,
            1.108294699873243,
            1.1082926165489924,
            1.1082901642436074,
            1.1082871982029505,
            1.1082840647016252,
            1.1082808034760612,
            1.1082773492449807,
            1.1082737559363955,
            1.1082700661250524,
            1.1082664614632016,
            1.108262748945327,
            1.1082590250741868,
            1.1082553324245272,
            1.1082515858468556,
            1.108248043627966,
            1.108244294211978
        ],
        "validation loss": [
            153.01646423339844,
            74.4277572631836,
            1.1082428693771362,
            1.108262538909912,
            1.1082772016525269,
            1.10828697681427,
            1.1082934141159058,
            1.1082971096038818,
            1.108298897743225,
            1.1082993745803833,
            1.108298659324646,
            1.1082971096038818,
            1.1082950830459595,
            1.1082924604415894,
            1.1082895994186401,
            1.1082863807678223,
            1.1082830429077148,
            1.1082797050476074,
            1.1082760095596313,
            1.1082724332809448,
            1.1082687377929688,
            1.1082652807235718,
            1.1082614660263062,
            1.1082576513290405,
            1.108254075050354,
            1.108250379562378,
            1.1082465648651123,
            1.1082429885864258
        ]
    }
}