{
    "0": {
        "number of epochs": "25/1000",
        "patience": 25,
        "learn rate": 0.0001,
        "dropout": 0.0,
        "train loss": [
            1.1779132513772874,
            1.1742818667775108,
            1.185899101552509,
            1.1818430366970243,
            1.1608479278428214,
            1.144116807551611,
            1.1443704622132438,
            1.1207380124500819,
            1.1032929221789043,
            1.0920409929184687,
            1.0713931889761061,
            1.057346971262069,
            1.042285748890468,
            1.0288396846680414,
            1.0197550853093464,
            1.0115715605872018,
            1.0085247499602181,
            1.0090007923898243,
            0.9992234650112334,
            1.0007253899460746,
            0.9963934904053098,
            0.9950526867594037,
            0.9932281062716529,
            0.9919265707333883,
            0.9917431189900353
        ],
        "validation loss": [
            1.1807612180709839,
            1.1902610063552856,
            1.1912001371383667,
            1.1823276281356812,
            1.1805568933486938,
            1.185921549797058,
            1.182142734527588,
            1.1813105344772339,
            1.1845365762710571,
            1.1800225973129272,
            1.1824132204055786,
            1.1805952787399292,
            1.1803780794143677,
            1.1817644834518433,
            1.178680658340454,
            1.1812448501586914,
            1.1899522542953491,
            1.1798224449157715,
            1.1622055768966675,
            1.165972113609314,
            1.1809295415878296,
            1.1821365356445312,
            1.1756954193115234,
            1.175718069076538,
            1.1777715682983398
        ]
    },
    "1": {
        "number of epochs": "28/1000",
        "patience": 25,
        "learn rate": 0.0001,
        "dropout": 0.0,
        "train loss": [
            0.9948455180440631,
            1.0800727066539584,
            0.9945054820605687,
            1.0442950555256434,
            1.009465556769144,
            0.978223823365711,
            0.9775141789799645,
            0.9804267854917617,
            0.9745315341722398,
            0.9749102635043008,
            0.9765744280247461,
            0.9743803711164565,
            0.9740822329407647,
            0.9741581650007338,
            0.9743348232337407,
            0.9743827751704625,
            0.9742446087655567,
            0.9740857723213378,
            0.9739859104156494,
            0.9739373397259485,
            0.9739174502236503,
            0.973907987276713,
            0.9738976997988564,
            0.9738826070513044,
            0.9738646944363912,
            0.9738479512078422,
            0.9738347998687199,
            0.9738252347423917
        ],
        "validation loss": [
            1.2139402627944946,
            1.2031751871109009,
            0.9524569511413574,
            1.1370576620101929,
            1.165252923965454,
            1.1926262378692627,
            1.2232977151870728,
            1.1906639337539673,
            1.1725506782531738,
            1.175172209739685,
            1.173516869544983,
            1.1742851734161377,
            1.1819297075271606,
            1.1910966634750366,
            1.1952520608901978,
            1.192717432975769,
            1.1867915391921997,
            1.1812664270401,
            1.1776707172393799,
            1.175836443901062,
            1.1751066446304321,
            1.174927830696106,
            1.174996018409729,
            1.1752071380615234,
            1.1755486726760864,
            1.1760153770446777,
            1.1765565872192383,
            1.177087664604187
        ]
    }
}