{
    "0": {
        "number of epochs": "38/1000",
        "patience": 25,
        "learn rate": 0.0001,
        "dropout": 0.0,
        "train loss": [
            1.1242615779240925,
            1.0518433480035692,
            0.9516073351814633,
            0.7971613875457219,
            0.6381209152085441,
            0.5750031613168263,
            0.4680797173863366,
            0.5052366022552762,
            0.5542398982104801,
            0.37050898373126984,
            0.29801722722394125,
            0.2610545346424693,
            0.21959270040194193,
            0.1791915985799971,
            0.15604163067681448,
            0.11643837002061662,
            0.10986715093964622,
            0.08203311938615072,
            0.07613870523692597,
            0.05692043696485814,
            0.051253365707539376,
            0.04202800346094938,
            0.03642806641402699,
            0.030019922226312615,
            0.02573607742254223,
            0.022727471066727525,
            0.019311585108793917,
            0.017067063222861008,
            0.014582559422013305,
            0.013162256617631232,
            0.011581003865493196,
            0.0104098845317605,
            0.009260105800681881,
            0.008367690800999602,
            0.007625839473413569,
            0.006914027384482324,
            0.006336079344951681,
            0.005785683169960976
        ],
        "validation loss": [
            1.1209832429885864,
            1.0819731950759888,
            0.9659919738769531,
            0.8461165428161621,
            0.8216896653175354,
            0.8651344180107117,
            0.9943354725837708,
            1.1756871938705444,
            0.7445874214172363,
            0.755698025226593,
            0.6874107718467712,
            0.726554811000824,
            0.6175351738929749,
            0.6866821646690369,
            0.6493383049964905,
            0.7667421698570251,
            0.6847866177558899,
            0.6891686916351318,
            0.683657169342041,
            0.7860119938850403,
            0.7753341794013977,
            0.6828139424324036,
            0.6760873198509216,
            0.7546538710594177,
            0.8127272725105286,
            0.7254951596260071,
            0.7057836651802063,
            0.7498721480369568,
            0.8205771446228027,
            0.8044350743293762,
            0.7611777186393738,
            0.7698860168457031,
            0.825812578201294,
            0.8496999740600586,
            0.8188567161560059,
            0.8026975989341736,
            0.8201420307159424,
            0.852226197719574
        ]
    }
}