{
    "0": {
        "number of epochs": "26/1000",
        "patience": 25,
        "learn rate": 0.0001,
        "dropout": 0.0,
        "train loss": [
            1.1062239578792028,
            1.1005289951960247,
            1.1000847419102986,
            1.101197069599515,
            1.1033586008208138,
            1.1091459677332924,
            1.1165986146245683,
            1.1209151659693037,
            1.1205871161960421,
            1.1177153899556114,
            1.1144965234256925,
            1.1118502560115995,
            1.1101114466076805,
            1.1089695294698079,
            1.1082103536242531,
            1.1075859183356875,
            1.1068473174458457,
            1.1058465043703716,
            1.1045020960626148,
            1.1027156966073173,
            1.100687412988572,
            1.098615376722245,
            1.0960654133842105,
            1.0939132202239263,
            1.0917363507407052,
            1.0885922880399794
        ],
        "validation loss": [
            1.099449634552002,
            1.1010013818740845,
            1.103486180305481,
            1.10885488986969,
            1.117787480354309,
            1.1278356313705444,
            1.1338382959365845,
            1.1339671611785889,
            1.130635380744934,
            1.126935362815857,
            1.1238254308700562,
            1.1219669580459595,
            1.1215447187423706,
            1.1215342283248901,
            1.1218740940093994,
            1.12240469455719,
            1.122169852256775,
            1.1227607727050781,
            1.1213451623916626,
            1.1221818923950195,
            1.1199954748153687,
            1.1208221912384033,
            1.120273232460022,
            1.1214057207107544,
            1.1217249631881714,
            1.1205060482025146
        ]
    },
    "1": {
        "number of epochs": "27/1000",
        "patience": 25,
        "learn rate": 0.0001,
        "dropout": 0.0,
        "train loss": [
            1.0972054430416651,
            1.093505093029567,
            1.088194313503447,
            1.0900265262240456,
            1.102332509699322,
            1.0942347617376418,
            1.0858803192774455,
            1.0828578301838465,
            1.0818255259877159,
            1.07781925371715,
            1.0746112494241624,
            1.0698727397691636,
            1.067540276618231,
            1.0597021948723566,
            1.055493448461805,
            1.0486516384851365,
            1.0550347055707658,
            1.0461514592170715,
            1.0588114658991497,
            1.0463385468437558,
            1.0446085816337949,
            1.0300252834955852,
            1.0322925107819694,
            1.0250700172923861,
            1.019940821897416,
            1.0152826536269415,
            1.0101540003504073
        ],
        "validation loss": [
            1.1077097654342651,
            1.0985678434371948,
            1.1101707220077515,
            1.1354293823242188,
            1.125869870185852,
            1.1167083978652954,
            1.1215254068374634,
            1.122832179069519,
            1.1174066066741943,
            1.1263319253921509,
            1.118531584739685,
            1.1233667135238647,
            1.1129542589187622,
            1.1345152854919434,
            1.110909342765808,
            1.1559710502624512,
            1.1322335004806519,
            1.1781526803970337,
            1.1572476625442505,
            1.131635069847107,
            1.1568204164505005,
            1.1512590646743774,
            1.1474207639694214,
            1.171333909034729,
            1.1473722457885742,
            1.1602582931518555,
            1.1544766426086426
        ]
    },
    "2": {
        "number of epochs": "27/1000",
        "patience": 25,
        "learn rate": 0.0001,
        "dropout": 0.0,
        "train loss": [
            1.0549220953668867,
            1.0182040589196342,
            1.0269287143434798,
            1.0070408525921049,
            0.9961571381205604,
            0.997535975206466,
            0.9952771692048936,
            0.9902890438125247,
            0.9845150907834371,
            0.9723059350535983,
            0.9626595675945282,
            0.9604285785130092,
            0.961006814525241,
            0.9436469347704024,
            0.9435885832423255,
            0.9376324670655387,
            0.9364401996135712,
            0.9323933734780266,
            0.9399982591470083,
            0.9371230261666434,
            0.9266205359072912,
            0.9240613891964867,
            0.9384053732667651,
            0.9577960315204802,
            0.957475198166711,
            0.9422043420019603,
            0.9132564351672218
        ],
        "validation loss": [
            1.1642650365829468,
            1.090167760848999,
            1.2390332221984863,
            1.2200636863708496,
            1.2150074243545532,
            1.2786067724227905,
            1.2754286527633667,
            1.2457242012023926,
            1.2872257232666016,
            1.2236642837524414,
            1.3085711002349854,
            1.2805980443954468,
            1.2771438360214233,
            1.3001312017440796,
            1.3148127794265747,
            1.2896209955215454,
            1.338330864906311,
            1.233834147453308,
            1.4063042402267456,
            1.3310526609420776,
            1.3596044778823853,
            1.2167075872421265,
            1.4941658973693848,
            1.1587820053100586,
            1.4972829818725586,
            1.3322901725769043,
            1.45364511013031
        ]
    }
}