{
    "0": {
        "number of epochs": "41/1000",
        "patience": 25,
        "learn rate": 0.0001,
        "dropout": 0.0,
        "train loss": [
            1.1037644147872925,
            1.1920224967456998,
            1.2096670837629409,
            1.211166432925633,
            1.2083435541107541,
            1.2017025379907518,
            1.1910186551866078,
            1.177163615113213,
            1.1520644908859616,
            1.1184025037856329,
            1.0510675311088562,
            0.9121559872513726,
            0.8206122290520441,
            0.7668480348019373,
            0.7151950129440853,
            0.6768428782622019,
            0.6437001824378967,
            0.6136658106531415,
            0.5893875204381489,
            0.5781280071962447,
            0.5738304441883451,
            0.5709734601633889,
            0.5689845241251446,
            0.5679249735105605,
            0.5672789542447954,
            0.5667136893385932,
            0.5662475270884377,
            0.5659224745773134,
            0.5657114954221816,
            0.5655720446790967,
            0.5654743782111576,
            0.5653999447822571,
            0.5653387095246997,
            0.5652857451211839,
            0.5652373631795248,
            0.5651928299949283,
            0.5651517084666661,
            0.5651112198829651,
            0.5650678489889417,
            0.5650138883363633,
            0.5649279937857673
        ],
        "validation loss": [
            1.1815568208694458,
            1.2091737985610962,
            1.2124881744384766,
            1.212113380432129,
            1.2095756530761719,
            1.2043029069900513,
            1.1965289115905762,
            1.1887081861495972,
            1.1874549388885498,
            1.1981357336044312,
            1.172126293182373,
            1.1356741189956665,
            1.1484445333480835,
            1.0959863662719727,
            1.0651469230651855,
            1.0596178770065308,
            1.0645465850830078,
            1.073531985282898,
            1.0849260091781616,
            1.0930225849151611,
            1.098915934562683,
            1.1030958890914917,
            1.1052738428115845,
            1.1053024530410767,
            1.1034249067306519,
            1.1005536317825317,
            1.0976654291152954,
            1.0953757762908936,
            1.0938292741775513,
            1.0929088592529297,
            1.092427372932434,
            1.092197299003601,
            1.0921059846878052,
            1.0921024084091187,
            1.0921467542648315,
            1.0921822786331177,
            1.0921975374221802,
            1.0921701192855835,
            1.092064380645752,
            1.0918139219284058,
            1.0912412405014038
        ]
    }
}