{
    "0": {
        "number of epochs": "25/1000",
        "patience": 25,
        "learn rate": 0.0001,
        "dropout": 0.0,
        "train loss": [
            1.1614595452944438,
            1.0986121467181615,
            1.0986120927901495,
            1.0986120927901495,
            1.0986120927901495,
            1.0986120927901495,
            1.0986120927901495,
            1.0986120927901495,
            1.0986120927901495,
            1.0986120927901495,
            1.0986120927901495,
            1.0986120927901495,
            1.0986120927901495,
            1.0986120927901495,
            1.0986120927901495,
            1.0986120927901495,
            1.0986120927901495,
            1.0986120927901495,
            1.0986120927901495,
            1.0986120927901495,
            1.0986120927901495,
            1.0986120927901495,
            1.0986120927901495,
            1.0986120927901495,
            1.0986120927901495
        ],
        "validation loss": [
            1.098611831665039,
            1.0986123085021973,
            1.0986123085021973,
            1.0986123085021973,
            1.0986123085021973,
            1.0986123085021973,
            1.0986123085021973,
            1.0986123085021973,
            1.0986123085021973,
            1.0986123085021973,
            1.0986123085021973,
            1.0986123085021973,
            1.0986123085021973,
            1.0986123085021973,
            1.0986123085021973,
            1.0986123085021973,
            1.0986123085021973,
            1.0986123085021973,
            1.0986123085021973,
            1.0986123085021973,
            1.0986123085021973,
            1.0986123085021973,
            1.0986123085021973,
            1.0986123085021973,
            1.0986123085021973
        ]
    }
}