{
    "0": {
        "number of epochs": "10/10",
        "patience": 2,
        "learn rate": 0.0001,
        "dropout": 0.0,
        "train loss": [
            0.7924876132089159,
            0.6169352539531563,
            0.6040663115032341,
            0.5967858454779439,
            0.5955186082941034,
            0.5928418910049874,
            0.5891709816844567,
            0.5845241407337396,
            0.5748994196562663,
            0.5667514499762784
        ],
        "validation loss": [
            0.5181746426969767,
            0.5311295762658119,
            0.5111277904361486,
            0.5094473287463188,
            0.5059357360005379,
            0.5017819013446569,
            0.4958643261343241,
            0.4741845019161701,
            0.45735177025198936,
            0.45056645572185516
        ]
    },
    "1": {
        "number of epochs": "3/10",
        "patience": 2,
        "learn rate": 0.0001,
        "dropout": 0.0,
        "train loss": [
            0.5525749090897001,
            0.5508414330365865,
            0.5517497104795083
        ],
        "validation loss": [
            0.43067234940826893,
            0.4454580992460251,
            0.47373644448816776
        ]
    }
}