{
    "0": {
        "number of epochs": "33/1000",
        "patience": 25,
        "learn rate": 0.0001,
        "dropout": 0.0,
        "train loss": [
            1.094315801348005,
            0.894663583664667,
            0.7948828566642034,
            0.728544621240525,
            0.6815908239001319,
            0.6268246585414523,
            0.6004974033151355,
            0.5894769799141657,
            0.577425711211704,
            0.5650073147955395,
            0.5599328832966941,
            0.5577028564044407,
            0.555843133301962,
            0.5542699467568171,
            0.5533992633933112,
            0.552974515018009,
            0.5525726888860975,
            0.5523018226737068,
            0.552149406501225,
            0.5520476982707069,
            0.5519704180104392,
            0.5519113739331564,
            0.551863602229527,
            0.5518222068037305,
            0.5517848134040833,
            0.5517518463588896,
            0.5517247163114094,
            0.5517023702462515,
            0.5516834599631173,
            0.5516677598158518,
            0.551653082881655,
            0.5516403771582103,
            0.5516288436594463
        ],
        "validation loss": [
            1.1079689264297485,
            1.1084637641906738,
            1.1122058629989624,
            1.12736976146698,
            1.1111677885055542,
            1.0993032455444336,
            1.097298264503479,
            1.0952802896499634,
            1.0963093042373657,
            1.0972352027893066,
            1.1023973226547241,
            1.1066001653671265,
            1.1047381162643433,
            1.1012965440750122,
            1.099395990371704,
            1.0985331535339355,
            1.0981990098953247,
            1.0981115102767944,
            1.0982087850570679,
            1.098286747932434,
            1.0983449220657349,
            1.098379373550415,
            1.0984070301055908,
            1.0984398126602173,
            1.0984760522842407,
            1.098486065864563,
            1.0985010862350464,
            1.098516583442688,
            1.0985392332077026,
            1.0985313653945923,
            1.098519206047058,
            1.0985089540481567,
            1.0985016822814941
        ]
    },
    "1": {
        "number of epochs": "30/1000",
        "patience": 25,
        "learn rate": 0.0001,
        "dropout": 0.0,
        "train loss": [
            0.5929398763747442,
            0.5712999133836656,
            0.5638504070895058,
            0.557757039864858,
            0.5865383673281896,
            0.5650317981129601,
            0.6245069432826269,
            0.5637224742344448,
            0.554019577446438,
            0.5530510601543245,
            0.5533100011802855,
            0.5536111664204371,
            0.5529995887052446,
            0.5523267984390259,
            0.5519494371754783,
            0.5517674102669671,
            0.551682235229583,
            0.5516409944920313,
            0.5516197894300733,
            0.5516076825913929,
            0.5515998772212437,
            0.5515940104212079,
            0.551588963894617,
            0.5515844254266649,
            0.5515800487427485,
            0.5515758565493992,
            0.5515717934994471,
            0.5515679305508023,
            0.5515642080988202,
            0.5515607396761576
        ],
        "validation loss": [
            1.1294175386428833,
            1.0964850187301636,
            1.0543097257614136,
            1.1121026277542114,
            1.0419760942459106,
            1.2023792266845703,
            1.1423704624176025,
            1.051414966583252,
            1.089015007019043,
            1.0942811965942383,
            1.0962207317352295,
            1.0966492891311646,
            1.0963655710220337,
            1.0956064462661743,
            1.094362735748291,
            1.092652440071106,
            1.0907905101776123,
            1.0893594026565552,
            1.088611125946045,
            1.0880872011184692,
            1.0877591371536255,
            1.0875886678695679,
            1.0873284339904785,
            1.087540864944458,
            1.0879992246627808,
            1.0884709358215332,
            1.0889462232589722,
            1.0892937183380127,
            1.0895954370498657,
            1.0898962020874023
        ]
    },
    "2": {
        "number of epochs": "25/1000",
        "patience": 25,
        "learn rate": 0.0001,
        "dropout": 0.0,
        "train loss": [
            0.5516533809048789,
            0.5516217138086047,
            0.5516240398089091,
            0.551507599297024,
            0.5514700171493349,
            0.5514548619588217,
            0.5514489710330963,
            0.5514469913073948,
            0.5514465385959262,
            0.5514462363152277,
            0.5514457779271262,
            0.5514455082870665,
            0.5514452868983859,
            0.551445179042362,
            0.5514451251143501,
            0.5514450981503441,
            0.5514450981503441,
            0.5514450711863381,
            0.5514450442223322,
            0.5514450442223322,
            0.5514450442223322,
            0.5514450442223322,
            0.5514450442223322,
            0.5514450442223322,
            0.5514450172583262
        ],
        "validation loss": [
            1.1050142049789429,
            1.1316057443618774,
            1.1650844812393188,
            1.2017103433609009,
            1.2106138467788696,
            1.2135424613952637,
            1.2152073383331299,
            1.2161062955856323,
            1.2164618968963623,
            1.2165732383728027,
            1.2165900468826294,
            1.2165547609329224,
            1.216500163078308,
            1.2164430618286133,
            1.2163914442062378,
            1.2163492441177368,
            1.2163183689117432,
            1.2162989377975464,
            1.2162898778915405,
            1.2162903547286987,
            1.2162986993789673,
            1.2163132429122925,
            1.2163323163986206,
            1.216355562210083,
            1.2163819074630737
        ]
    },
    "3": {
        "number of epochs": "84/1000",
        "patience": 25,
        "learn rate": 0.0001,
        "dropout": 0.0,