{
    "0": {
        "number of epochs": "97/100",
        "patience": 25,
        "learn rate": 0.0001,
        "dropout": 0.0,
        "train loss": [
            0.6112885475158691,
            0.5981472204236881,
            0.5950899901597396,
            0.5908569659551849,
            0.5880223217865695,
            0.5833709160594837,
            0.574492142090331,
            0.5607950348892937,
            0.5457614823851896,
            0.5403793612899987,
            0.5302196624486343,
            0.528320508968571,
            0.5185663210956947,
            0.5120813496734785,
            0.5019259823729163,
            0.495767872294654,
            0.49092703037287877,
            0.4854639982399733,
            0.4817770826427833,
            0.4791001160831555,
            0.47629949466689775,
            0.4710366491066373,
            0.46675663295647374,
            0.46604328975081444,
            0.4628038581298745,
            0.4603388958975025,
            0.45576517073356587,
            0.45303116819780803,
            0.45082813242207403,
            0.44682657297538675,
            0.443709923359363,
            0.44221217995104584,
            0.43962287254955457,
            0.43976838627587195,
            0.4375186314725358,
            0.43712069304740947,
            0.4353225984327171,
            0.4352569333885027,
            0.4311603393567645,
            0.4287067920617435,
            0.4325928503404493,
            0.4318112918864126,
            0.43381961143535114,
            0.42539070773383847,
            0.42361812649861624,
            0.42067006732458656,
            0.41916513750734535,
            0.4151983061886352,
            0.41123116291735484,
            0.4092489233159501,
            0.4082658606702867,
            0.4067019616132197,
            0.40579395984178,
            0.4062637552295042,
            0.4051659551003705,
            0.40241988521555194,
            0.4029838209566863,
            0.4085655686971934,
            0.40334245384387346,
            0.39380281499546504,
            0.38961932111693465,
            0.38945608634663664,
            0.39279976584341214,
            0.3887976314062658,
            0.38853122860841127,
            0.38312393281122914,
            0.3842057211567526,
            0.3865910253447035,
            0.38402364775538445,
            0.38076349736555765,
            0.37742743705925735,
            0.3784316080095975,
            0.3783443941046362,
            0.3741009700233522,
            0.37185990454062173,
            0.37052857503294945,
            0.370100815092092,
            0.36964531356225844,
            0.3688842664756205,
            0.36481444221799786,
            0.3762327677205853,
            0.38025820352461026,
            0.40346758715484454,
            0.37900423485299817,
            0.3687279013835866,
            0.3654009139408236,
            0.36320972296854726,
            0.358968574958651,
            0.3540990193900855,
            0.3499378097931976,
            0.34587450519852014,
            0.3403581020462772,
            0.3382665371603292,
            0.3385976035471844,
            0.34029567711379216,
            0.3418429617000663,
            0.33596885576844215
        ],
        "validation loss": [
            0.5089240185916424,
            0.5012813936918974,
            0.49698345735669136,
            0.4945661909878254,
            0.49086740985512733,
            0.48408124409615993,
            0.4667144604027271,
            0.4445449337363243,
            0.43411671184003353,
            0.4282553307712078,
            0.42000683955848217,
            0.42082059010863304,
            0.4075836930423975,
            0.4068666957318783,
            0.4045252650976181,
            0.4075033012777567,
            0.40540617890655994,
            0.40650972351431847,
            0.41302287951111794,
            0.4160564597696066,
            0.4174516461789608,
            0.4209942873567343,
            0.42687259055674076,
            0.4270935356616974,
            0.4209141191095114,
            0.42827986739575863,
            0.42119902558624744,
            0.4252960756421089,
            0.42240002378821373,
            0.4120671171694994,
            0.41111653111875057,
            0.4136859141290188,
            0.42203821800649166,
            0.40753953717648983,
            0.40980678983032703,
            0.41599676944315434,
            0.41380759328603745,
            0.4135092534124851,
            0.3966565188020468,
            0.4181508030742407,
            0.4081394225358963,
            0.4306236766278744,
            0.3995827790349722,
            0.4104370065033436,
            0.3939384575933218,
            0.3937639407813549,
            0.3975424487143755,
            0.39313681423664093,
            0.383649380877614,
            0.38593910448253155,
            0.3918570354580879,
            0.3928951043635607,
            0.3924299646168947,
            0.3674919381737709,
            0.37534675002098083,
            0.39274889416992664,
            0.3880204800516367,
            0.3725195415318012,
            0.3587204869836569,
            0.36164526641368866,
            0.36989083141088486,
            0.3519597817212343,
            0.3577159848064184,
            0.36476951465010643,
            0.3608243800699711,
            0.36512659676373005,
            0.3491410594433546,
            0.35678468458354473,
            0.34478151611983776,
            0.3475845605134964,
            0.35658719204366207,
            0.34381915628910065,
            0.353090887889266,
            0.3477992471307516,
            0.3503314442932606,
            0.3584044873714447,
            0.35935562290251255,
            0.35617425478994846,
            0.3488269727677107,
            0.37360746040940285,
            0.3478801120072603,
            0.3685095589607954,
            0.36451749317348003,
            0.36896600015461445,
            0.361549636349082,
            0.36153760366141796,
            0.37159028463065624,
            0.3645976670086384,
            0.3602684773504734,
            0.3605890106409788,
            0.36038074642419815,
            0.3666920531541109,
            0.3800490479916334,
            0.39144810661673546,
            0.371004369109869,
            0.36194275319576263,
            0.36231472343206406
        ]
    }
}