{
    "0": {
        "number of epochs": "100/100",
        "patience": 10,
        "learn rate": 0.0001,
        "dropout": 0.0,
        "train loss": [
            10390.425921529697,
            3043.186345839808,
            1347.4936584135446,
            1114.1851704353346,
            898.7672956547465,
            621.1587804861051,
            460.9446428555371,
            420.0988215943507,
            401.3902715468714,
            388.42811227591216,
            379.069847992112,
            372.0773084440284,
            368.37643561881333,
            369.06125675995264,
            367.91856010535366,
            368.07147672031465,
            364.6326988037559,
            358.8123855731325,
            354.5637138465052,
            351.1504014157459,
            349.121202107073,
            349.21014825810386,
            348.51364467332814,
            346.19380398745034,
            347.1799779509093,
            343.8196902898574,
            341.76851394119404,
            338.9338287297314,
            337.8907096399128,
            335.35475959567077,
            335.7029327336376,
            334.4512180166789,
            333.939402487177,
            332.9113391855145,
            331.77334634067824,
            330.4000754452981,
            329.201577820611,
            326.89273745710676,
            326.04798942551867,
            322.86876154385,
            323.3625274152387,
            321.0610197007546,
            319.54473028305927,
            319.0337187765272,
            315.7941497184515,
            314.1588977792645,
            312.03453454567364,
            309.77400890371416,
            305.3134427852174,
            301.7797472200341,
            296.55766226134466,
            292.0897704066493,
            289.10800429426723,
            287.32441118496774,
            283.6053507262172,
            279.87597566327116,
            277.9484998727591,
            276.4714531942406,
            274.46523612287604,
            273.28032073131584,
            271.96085035910704,
            271.10975090574823,
            269.79822859228426,
            269.09004405321997,
            267.87417338390594,
            266.3127579662681,
            265.2651459077445,
            264.90232806969743,
            264.268216071647,
            261.3691620940881,
            260.08715983297725,
            258.55253224522147,
            257.4470518895495,
            258.8243210372784,
            256.82404005637267,
            256.01230274291765,
            257.37941931624437,
            252.85907004902595,
            255.70877707465579,
            257.2060841372439,
            265.45406548094354,
            252.4358659045253,
            250.45584674083506,
            249.32531572485937,
            249.97214759559702,
            252.04975778709678,
            250.88173317250624,
            250.85067341560378,
            250.23189444919538,
            247.41646723457464,
            248.49854988112196,
            250.62460512614382,
            247.68138055116432,
            246.80121588663062,
            247.81346127561002,
            249.10776147438457,
            246.44435971086196,
            245.57810985361454,
            247.81771875876748,
            247.89876330184234
        ],
        "validation loss": [
            9965.150902920082,
            1727.100449859119,
            1232.567126664959,
            1028.6787939853355,
            737.357445888832,
            534.8292816662398,
            414.9212116178919,
            391.6335199074667,
            372.6973746878202,
            360.2028588466957,
            351.0827126424821,
            346.01430824154716,
            339.43919647717087,
            335.16184872486554,
            332.7193123238986,
            330.86060520860013,
            332.82569760181866,
            328.8243728387551,
            324.7387099969582,
            321.4112223640817,
            317.85840494124614,
            317.1241970374936,
            314.5106946601242,
            314.7450096255443,
            313.7764082111296,
            311.9661470006724,
            309.4117876897093,
            308.2303081574987,
            304.4013586826012,
            304.1175597143955,
            302.96145129594646,
            302.15971149382045,
            301.5760948306224,
            301.38750370213245,
            300.7965748271004,
            299.70288586225666,
            297.68050497086324,
            297.34046360703763,
            294.58397937211834,
            293.8027799012231,
            291.80850569928276,
            291.0753083776255,
            289.6939377081199,
            287.84177386174434,
            286.5084283547323,
            285.3964518562692,
            284.5206654032723,
            285.48227729172004,
            284.2210963514985,
            286.1125933537718,
            285.58835939501154,
            280.49160616515115,
            276.8897224801486,
            271.24183379626663,
            268.62380781330046,
            266.2770438272445,
            264.7672474345223,
            263.5700065737865,
            263.7404922735496,
            263.6236454697906,
            263.30811547451333,
            260.79822102531057,
            262.2449951171875,
            260.8851781125928,
            258.46310749991994,
            256.2346076339972,
            255.82685226690575,
            258.9077971411533,
            251.5736919465612,
            250.85492393618725,
            249.4646231229188,
            248.3658862504803,
            247.54360961914062,
            247.3216392642162,
            246.0309253129803,
            245.53639821537206,
            245.5793752201268,
            243.84283872510565,
            245.14964244404777,
            242.98346872798732,
            247.0845652095607,
            242.50617455654458,
            241.7004321989466,
            241.16233025222527,
            240.74322259621542,
            240.457899249968,
            240.23976160268313,
            239.78160970719134,
            239.6241294985912,
            239.0015483918737,
            238.77075520499807,
            238.65435090612192,
            238.19773439501154,
            237.8504936343334,
            237.65465633204727,
            237.4659583920338,
            237.1174081270812,
            236.85250179103164,
            236.6250135077805,
            236.47762511206454
        ]
    }
}