{
    "0": {
        "number of epochs": "71/100",
        "patience": 10,
        "learn rate": 0.0001,
        "dropout": 0.0,
        "train loss": [
            0.7957568061066377,
            0.5425735969460033,
            0.3905839994138117,
            0.3792254168464773,
            0.3692713427060656,
            0.36457156421510334,
            0.3548753672102758,
            0.34190346813772704,
            0.3370086905815764,
            0.3357138334058266,
            0.33643103880776887,
            0.3350100784560813,
            0.33280184206383007,
            0.33176781223404256,
            0.3301512034777998,
            0.32924261145828837,
            0.32635035353470904,
            0.325751569554292,
            0.32313872228889395,
            0.32357668130217776,
            0.3185911852022561,
            0.32171547347010826,
            0.3162817031858595,
            0.32121474566161085,
            0.30993144787697063,
            0.314291768311137,
            0.31530789786719926,
            0.3117885659851861,
            0.30786381187140394,
            0.3059909707604192,
            0.29573840912753924,
            0.2869871234586445,
            0.28708085154301555,
            0.2822881056129603,
            0.2817534768669206,
            0.2738233259698963,
            0.2727845231033381,
            0.2708475358688151,
            0.2675949895469743,
            0.2654071959013438,
            0.26666765203133475,
            0.2681956471768971,
            0.2574591017559747,
            0.2569862902164459,
            0.2501681485448314,
            0.2499627412243662,
            0.24610000179178368,
            0.24376469493790445,
            0.24093491530550118,
            0.238769278918182,
            0.2366027530440529,
            0.23491439215056803,
            0.23327724341968586,
            0.22997922940148832,
            0.2317992975973073,
            0.22724303476937788,
            0.22433984984899313,
            0.2255576678292747,
            0.22128300366041628,
            0.2228843017342341,
            0.21944915276864616,
            0.21790320238246005,
            0.21712328257591465,
            0.21401209489855758,
            0.21438458454872364,
            0.21288852613165454,
            0.2112404785323099,
            0.21063873926469195,
            0.20929186729436422,
            0.20807070736507466,
            0.20713392769983022
        ],
        "validation loss": [
            0.6526629035590125,
            0.41462804596932207,
            0.3896184832346244,
            0.3855472431808222,
            0.3636067534079317,
            0.39692396804934643,
            0.35509597326888415,
            0.38394415622851885,
            0.3550758083335689,
            0.3547938226676378,
            0.3415733849416014,
            0.33981312347240133,
            0.33825849509630046,
            0.335335193110294,
            0.3394591314870803,
            0.33264214435561756,
            0.33482473697818693,
            0.3301349638915453,
            0.3356125403623112,
            0.3251293013330366,
            0.3418356370730478,
            0.3231798674239487,
            0.3379732551144772,
            0.31802922975821574,
            0.3372173421695584,
            0.3243178436990644,
            0.31718711042013326,
            0.31862406163919166,
            0.319312858776968,
            0.32135826398114686,
            0.31884656382388754,
            0.3193743180056087,
            0.32424533220588186,
            0.31875185595184075,
            0.3107686746315878,
            0.30166563049691625,
            0.3155277141782104,
            0.3033872945386855,
            0.3152164465091268,
            0.28382690715008096,
            0.3126510445211754,
            0.28681742754138884,
            0.29841615479500566,
            0.2709115768065218,
            0.2872653901576996,
            0.2827560935841232,
            0.274476239915754,
            0.2759551977524992,
            0.26560174832578565,
            0.27477676067195955,
            0.25790130847790205,
            0.27381946268628854,
            0.2487426766606628,
            0.26330408453941345,
            0.26158940596658675,
            0.2408188684064834,
            0.2579970667596723,
            0.25046143082321665,
            0.24271453501748258,
            0.2562840986447256,
            0.23074301149024337,
            0.25187250141237605,
            0.2349989101534984,
            0.2362863778090868,
            0.24475615044109156,
            0.23554425991949487,
            0.2364610243039053,
            0.23775757629363264,
            0.2336891396123855,
            0.23277792236844047,
            0.23283620984827885
        ]
    }
}