{
    "0": {
        "number of epochs": "100/100",
        "patience": 10,
        "learn rate": 0.0001,
        "dropout": 0.0,
        "train loss": [
            10404.006467253683,
            7075.875658685111,
            2152.6974609824615,
            1586.8828900584858,
            1368.4833123363403,
            1134.7970797993642,
            900.7790429552616,
            698.0533858662811,
            556.2184022232533,
            450.5791158377575,
            363.1086525258438,
            329.97121023385347,
            316.0344288862871,
            307.7566683999302,
            301.6512951367907,
            296.9106351455492,
            292.8653937633086,
            289.07920975096755,
            285.5867806956254,
            282.29027274959,
            279.0203200984835,
            275.7862822530897,
            272.63279440301994,
            269.55657874681674,
            266.6010185227649,
            263.57345066808205,
            260.6821445303508,
            257.99360412260444,
            255.66817706197665,
            253.90939162449283,
            252.05010958227226,
            250.0810256592696,
            248.77955242459066,
            247.01176728025544,
            244.4928993239148,
            243.0073126411789,
            240.75299055405085,
            239.07533547979253,
            237.5455993596142,
            238.1174857629597,
            234.2017652817194,
            234.5277008281448,
            232.46216902197176,
            231.3533350486123,
            229.9784445578222,
            228.64194529271697,
            229.14382257338607,
            224.9314507472142,
            226.28979854689118,
            224.83747085374583,
            222.96271977152395,
            222.83652826523473,
            220.53713233343584,
            219.96532913685724,
            218.81793589442694,
            217.59529973657092,
            216.53581223742518,
            215.42324890923544,
            214.27895637638662,
            212.96166851682997,
            211.53921247450685,
            210.36656276077636,
            209.67608951688032,
            208.978805879203,
            208.16516236925213,
            207.44242690281314,
            207.1094463200859,
            206.183437593295,
            205.5848346801533,
            204.81116054246877,
            204.14431740214593,
            203.57600200505547,
            203.95591241263992,
            203.1148597899941,
            202.4666159051997,
            204.3014083496993,
            201.98439242255841,
            201.44406577544098,
            202.45622208456527,
            201.2366150632967,
            201.4563617179407,
            203.7285614294681,
            200.76943157610532,
            200.16185868686514,
            201.07762258399697,
            201.74670581571743,
            199.8220558798774,
            200.15190318407934,
            200.56736238314522,
            199.76487450924586,
            200.63853597904438,
            199.28051670699708,
            198.48105027003842,
            199.0495060592286,
            204.0378291795706,
            199.0710319954607,
            198.10375366772956,
            198.4632945754471,
            200.13907484191557,
            197.69677835538243
        ],
        "validation loss": [
            10938.490298411885,
            2693.5956390881147,
            1741.2295001921107,
            1473.9088014696465,
            1245.6622514568392,
            994.2131687852203,
            763.1820028336322,
            588.32171730917,
            486.70374785876663,
            389.58815477715166,
            327.136986904457,
            310.94562367923925,
            300.60588398917776,
            293.2363911613089,
            287.63630901399205,
            283.10071251040597,
            279.20518768810837,
            275.8398845234855,
            272.8630316062052,
            269.9078416668001,
            267.0812850702004,
            264.35039207583566,
            261.4163600734023,
            258.70180348880956,
            255.81916358822681,
            253.73875127073194,
            252.00836356741482,
            250.87925420041944,
            250.08381452716765,
            249.03495988689485,
            246.89314645235655,
            243.67124063460554,
            242.42941284179688,
            240.08907830910604,
            238.07692280753713,
            236.86911335929494,
            235.6664171062532,
            236.77699454886013,
            239.9259063220415,
            230.46679062139793,
            234.1984538093942,
            230.11073078092983,
            229.48454784956135,
            228.02092155081326,
            226.51350903120198,
            225.74833354011912,
            222.98184179087156,
            223.35340331030673,
            221.8353359034804,
            220.2660382380251,
            220.50835181064292,
            218.4759714095319,
            218.66535724577358,
            217.6840512635278,
            216.96702600698,
            216.07436633500896,
            215.09214057297004,
            214.07772551989947,
            212.97571726314357,
            212.22415286204853,
            211.86216535724577,
            211.6425458564133,
            211.46226926709784,
            210.5667929727523,
            209.92837924644596,
            209.2491427562276,
            209.0396921126569,
            207.58643503658107,
            206.5200610551678,
            205.89470710129035,
            205.44498406081902,
            205.04405787733734,
            205.42785394387167,
            204.61629423547964,
            204.0467219118212,
            204.5514331254803,
            203.507809498271,
            203.4070369532851,
            204.645022532979,
            203.12946882404265,
            203.09413071929433,
            203.7346031314037,
            202.40023503538038,
            202.46946516193327,
            203.39158455270237,
            203.58280119348746,
            201.81595248863346,
            201.72752505443134,
            201.63517436043162,
            201.4608642077837,
            201.57013915015048,
            201.1736222564197,
            201.09071975457863,
            201.10058093461834,
            201.61072777920083,
            200.8428925060835,
            200.84079704910027,
            200.85206629018313,
            201.82127230284644,
            200.38220565045467
        ]
    }
}