{
    "0": {
        "number of epochs": "100/100",
        "patience": 10,
        "learn rate": 0.0001,
        "dropout": 0.0,
        "train loss": [
            0.40824607036609895,
            0.393323307263478,
            0.3868450646461922,
            0.3810605022569168,
            0.3727096145214516,
            0.35337318164428516,
            0.35422619068600636,
            0.3310404189932632,
            0.3217389945825819,
            0.31762814214435947,
            0.3046463913460902,
            0.306294908675041,
            0.2967532475789388,
            0.2951293666169569,
            0.29125128557449326,
            0.2883105346620851,
            0.2857448572282633,
            0.28318089877922453,
            0.282424654310799,
            0.2798549485689588,
            0.27894753020112684,
            0.27647391450119724,
            0.2761005653860819,
            0.2744166944347473,
            0.2724819025830889,
            0.27064921568331357,
            0.26989468388794535,
            0.2693038373691601,
            0.2687654364613977,
            0.2680163548137602,
            0.2674615163609907,
            0.26754649644837636,
            0.26652843967546636,
            0.26622787337496356,
            0.26548763187550706,
            0.2654252539682125,
            0.26455790177673705,
            0.2636123408818991,
            0.2635640391658024,
            0.26237248935313073,
            0.26283088825903766,
            0.26169737915527314,
            0.2613398225816793,
            0.26091000256617425,
            0.26142279263139867,
            0.2594349048414283,
            0.25975200704009055,
            0.2578511525144454,
            0.2578133888556373,
            0.2572700574472684,
            0.256980135570354,
            0.2558306818399201,
            0.25491723731077837,
            0.2540639969305878,
            0.2537402665966343,
            0.25256535965215215,
            0.25286050725378384,
            0.2517461806919913,
            0.2513247990696031,
            0.2505046939871807,
            0.2504107317652272,
            0.24935152018048268,
            0.2496776342611506,
            0.2482825065405549,
            0.2479397900965113,
            0.24696527094911255,
            0.2476126563153873,
            0.24678325570749315,
            0.2459308359065328,
            0.2457170280084206,
            0.24499969862223112,
            0.24467405545118764,
            0.24493001623706923,
            0.2443976280438966,
            0.24358022141632235,
            0.24288120064507093,
            0.24323140641821903,
            0.24289332157340499,
            0.24244129207691875,
            0.2417186728608323,
            0.24150948860368676,
            0.24068546684846473,
            0.2409161043320791,
            0.24029466306746117,
            0.23974949961209166,
            0.23962753659892916,
            0.23931926423014857,
            0.23946902452252847,
            0.23897148435506593,
            0.23792588996184685,
            0.23904987313470788,
            0.23810894016183323,
            0.23871236117505237,
            0.23689685495738386,
            0.23762361708047422,
            0.23602459317632363,
            0.2369960309392181,
            0.23580685922015,
            0.23655794102623098,
            0.23617679643587075
        ],
        "validation loss": [
            0.40470595926534936,
            0.39792167260998584,
            0.3948310691802228,
            0.382132286419634,
            0.41509177889980253,
            0.3500019145793602,
            0.4146029543681223,
            0.32711026072502136,
            0.3538529628612956,
            0.33666387737774456,
            0.33403095163282803,
            0.33706037822316903,
            0.33027275761619945,
            0.3310455430726536,
            0.32784054416124936,
            0.3254799964975138,
            0.3228333396989791,
            0.318492553761748,
            0.3177897939916517,
            0.3160130249672249,
            0.3115866057208327,
            0.3097124065532059,
            0.3067484546880253,
            0.29995418230041127,
            0.2942603494300217,
            0.29073589209650386,
            0.2863956587236436,
            0.28421487573717463,
            0.27930620556972063,
            0.2772273328460631,
            0.27838501627327966,
            0.2780249270259357,
            0.26876515589776584,
            0.2753857569616349,
            0.27448116755876384,
            0.2779158461289328,
            0.2676162402160832,
            0.27052393897635035,
            0.2649069785094652,
            0.2635379462945657,
            0.2591651707399087,
            0.2566240664388313,
            0.25510984610338683,
            0.25493542776733147,
            0.25663755711961966,
            0.2543588568929766,
            0.2593883520267049,
            0.25285091312205205,
            0.2531022375724355,
            0.2510947946642266,
            0.25488596666054647,
            0.2541674795697947,
            0.2535060180015251,
            0.25119067899516373,
            0.2532753949282599,
            0.25055312035513705,
            0.24956181205686975,
            0.24729335552356282,
            0.246423605035563,
            0.24561152204138334,
            0.2458687204806531,
            0.24491522058111723,
            0.2438254502953076,
            0.24349855155241293,
            0.24143270195507613,
            0.24337702452159318,
            0.2415850929549483,
            0.24162544920796253,
            0.2395849325617806,
            0.24011229345055876,
            0.23857014149915975,
            0.2402077263495961,
            0.23717493502820125,
            0.23953495357857377,
            0.2363181668715399,
            0.237943525197076,
            0.2359533439405629,
            0.23867163843795902,
            0.23460480350939955,
            0.23598315456851585,
            0.23503991155350795,
            0.23567731483060805,
            0.23492473315020077,
            0.23502697661274768,
            0.23315200747036544,
            0.2337842473729712,
            0.23320127046499095,
            0.23366012241019576,
            0.23303783086479687,
            0.23314973296689206,
            0.2320791575752321,
            0.23263754903293046,
            0.2311210050934651,
            0.23083924636489056,
            0.23046287894248962,
            0.22970084601738414,
            0.23217438210229405,
            0.22868354032274152,
            0.23051942176506168,
            0.22892479134387658
        ]
    }
}