{
    "0": {
        "number of epochs": "100/100",
        "patience": 10,
        "learn rate": 0.0001,
        "dropout": 0.0,
        "train loss": [
            0.39497299851853107,
            0.37288492753360813,
            0.3664817960991166,
            0.3613957520128394,
            0.35504197948106303,
            0.34124882291474173,
            0.338749293135016,
            0.30820534269893146,
            0.29930601363682613,
            0.28814862237670363,
            0.2844121219044891,
            0.2822715292648716,
            0.2801803609503786,
            0.2799344996940585,
            0.2785477984566276,
            0.2767377457346486,
            0.27532859110920027,
            0.27462975271938034,
            0.2748874639389045,
            0.2755932547220648,
            0.27276353233426975,
            0.27269317552749184,
            0.26863376749593687,
            0.2676770698080186,
            0.2668604180079578,
            0.2682989650229284,
            0.26393411754464136,
            0.26173768616512993,
            0.26145619532679987,
            0.26020386584555905,
            0.26183792646857695,
            0.25932443751156004,
            0.25843107744255556,
            0.25805199541439666,
            0.2584935251081407,
            0.2546440925497157,
            0.2544499709241737,
            0.2543381453109271,
            0.25356382175484193,
            0.25227037105112443,
            0.25170304696204254,
            0.25061313152093695,
            0.25015794292339305,
            0.2486380890258768,
            0.24865227317502706,
            0.2486368357915685,
            0.24740531431377263,
            0.2482895015792074,
            0.24789300281039917,
            0.24625855799537996,
            0.2449022735680006,
            0.24446554358492897,
            0.24393193327700016,
            0.24471779510680702,
            0.24364849442056968,
            0.242879971066013,
            0.24301049898122995,
            0.24308813408593447,
            0.2429532281930934,
            0.24113293357097423,
            0.24106349245838918,
            0.24119075902259152,
            0.24001310378807025,
            0.24037371348061395,
            0.23864790638068323,
            0.23938425853985668,
            0.23856294188051594,
            0.23979326863095685,
            0.2376421325553627,
            0.2371048338944521,
            0.23775425750906296,
            0.2367219277288813,
            0.2368965916760938,
            0.2374914700703946,
            0.23680937762198967,
            0.2361360091860123,
            0.2352049326589314,
            0.23508359220146474,
            0.23519453916760438,
            0.23515479280364668,
            0.23408029701828298,
            0.23371212505503913,
            0.23342863164334446,
            0.23354495669377223,
            0.23316934907853493,
            0.23319503066728567,
            0.23356083617245516,
            0.23273422935391,
            0.2326081914906124,
            0.23197447205336275,
            0.23126954076259396,
            0.2308527721884501,
            0.23064624653995366,
            0.23068076328238948,
            0.23051043033160776,
            0.22938041989974553,
            0.22951071219549654,
            0.2297935446871798,
            0.2305812706714616,
            0.23110474220736033
        ],
        "validation loss": [
            0.38554502852627487,
            0.3776963406898936,
            0.37200150480035876,
            0.3669709108892034,
            0.3652467664147987,
            0.346458868413675,
            0.3506311842652618,
            0.3287959514094181,
            0.3318163317735078,
            0.3186978780832447,
            0.3159856713208996,
            0.31055879837176836,
            0.3078558874911949,
            0.30182363263896256,
            0.30025793831856523,
            0.2941872628985858,
            0.29138501501474223,
            0.28481517658859,
            0.2811272105232614,
            0.28527318405323343,
            0.28208563415730586,
            0.2768374774299684,
            0.28524330258369446,
            0.2772757112979889,
            0.27590186674086775,
            0.27435077751269105,
            0.2717538998752344,
            0.26995320056305555,
            0.26822626737297556,
            0.26794515232570837,
            0.27008998931431377,
            0.26598075129946724,
            0.2696207825277672,
            0.2624019555381087,
            0.263801531713517,
            0.2621237459729929,
            0.2646470377679731,
            0.2603455376429636,
            0.26098100279198316,
            0.2593388620947228,
            0.25591887167242705,
            0.25434976474183507,
            0.2509753264364649,
            0.25353481339626627,
            0.25272852084675773,
            0.2506999861998636,
            0.2520738146344169,
            0.24785319361530367,
            0.24586315233199324,
            0.2460772048254482,
            0.24576677259851676,
            0.24220256727249895,
            0.2452232065747996,
            0.24147742400403882,
            0.24195552605097412,
            0.24057209540586003,
            0.24134007145146855,
            0.2466997543319327,
            0.23870595898784575,
            0.23957403566016525,
            0.24006002115421607,
            0.24012327975914127,
            0.23747040697785674,
            0.23821007301572894,
            0.2368951220004285,
            0.23690390879990625,
            0.2402001233374486,
            0.23681428637660917,
            0.2369190791591269,
            0.23696222266212838,
            0.23571391525815744,
            0.23639240079238766,
            0.2348112505478937,
            0.23713704113100395,
            0.23587229041779628,
            0.23381967671581957,
            0.23394338908742685,
            0.23247072076211212,
            0.23424887950303125,
            0.23314743647809888,
            0.23185222119581503,
            0.2320152899769486,
            0.23180583119392395,
            0.23195874617725123,
            0.23079811378580625,
            0.23335518040617959,
            0.23147645592689514,
            0.230999230605657,
            0.2309697629486928,
            0.2308520625849239,
            0.22973972314693888,
            0.23106184601783752,
            0.22905794860886747,
            0.22926777625670197,
            0.22868676043924738,
            0.22928893248565863,
            0.22861024322079831,
            0.22736508777884187,
            0.2272345035291109,
            0.22896263320915033
        ]
    }
}