{
    "0": {
        "number of epochs": "268/1000",
        "patience": 25,
        "learn rate": 0.0001,
        "dropout": 0.0,
        "train loss": [
            0.39956067900411774,
            0.38558722431488457,
            0.37236052290510735,
            0.3635121497769821,
            0.34436619177488115,
            0.3292638394384753,
            0.315927123441661,
            0.2935170261240796,
            0.2836190167931123,
            0.27818406012396346,
            0.2719063115054073,
            0.2670964317646694,
            0.2647408458848465,
            0.2622968396429199,
            0.2592965108145227,
            0.2560642847369389,
            0.25388003487832855,
            0.25136193468425816,
            0.24872901530775138,
            0.24654153291252656,
            0.2444398926217692,
            0.24343332176269966,
            0.24231557402601997,
            0.24068377343989208,
            0.24333999296358716,
            0.23971753637435028,
            0.23684709923921587,
            0.23931339635594334,
            0.2371607935450573,
            0.23333865486455885,
            0.23234261701339737,
            0.2328848642319386,
            0.2300100589435184,
            0.22899014174828433,
            0.23171365738573654,
            0.2269657994886349,
            0.2274781497363447,
            0.22623635073832166,
            0.22425700595146164,
            0.22340018188316738,
            0.221783221261936,
            0.2206212410061838,
            0.2198057788292128,
            0.21852053550945022,
            0.21799438165476748,
            0.2176161592836538,
            0.2166409733984791,
            0.21599905025454078,
            0.21569699696633918,
            0.21452133546876645,
            0.21392678177159136,
            0.21352369416484518,
            0.21332944174936902,
            0.21339535493657513,
            0.2118299563122059,
            0.21139277405282192,
            0.21187811329768727,
            0.21014473917954096,
            0.2112004602701844,
            0.20960505825379935,
            0.21189538530772123,
            0.21256961696824098,
            0.21395499233163304,
            0.2100934710621175,
            0.2103035506512798,
            0.2086728300837522,
            0.207438501726637,
            0.20719703612077303,
            0.20687421127248207,
            0.20678871288264433,
            0.2054018918870782,
            0.20614716265192787,
            0.20683625839911332,
            0.20649120604025945,
            0.20551721318101795,
            0.20519143526835118,
            0.20453069722674388,
            0.20387349734648816,
            0.20370570675883284,
            0.20401599632771633,
            0.2039416471348722,
            0.20301877854059194,
            0.20134827535784705,
            0.20356198906569192,
            0.20225648804264174,
            0.20307962736372132,
            0.1992247236916593,
            0.20239944155044978,
            0.19912095087997161,
            0.2026899462740724,
            0.19891026728609867,
            0.2020033771930259,
            0.19912705736485195,
            0.20002207925635807,
            0.1981011987500867,
            0.1999535682726082,
            0.19724627311168236,
            0.19946770265725874,
            0.19759174596868168,
            0.19757338675016856,
            0.1962020776713092,
            0.19638253814278386,
            0.19441004185277014,
            0.19460154578611116,
            0.19319803730119878,
            0.194762095918752,
            0.19335016621959364,
            0.19396740705817664,
            0.19178510642512728,
            0.1925598518789144,
            0.19105214157706027,
            0.19180820248403602,
            0.19073584972165566,
            0.19095944408773277,
            0.18952292135297483,
            0.19025253700727038,
            0.1895699790828136,
            0.1898489292319967,
            0.18857979491819554,
            0.18897484415802507,
            0.1876393456979351,
            0.1889964194203389,
            0.18739600240854928,
            0.1887882412248334,
            0.1875864180357197,
            0.18750101791670748,
            0.18625201852940723,
            0.1874243609922806,
            0.18782286398099052,
            0.18714407399214433,
            0.18616740825426512,
            0.1859013650079239,
            0.18536964352508495,
            0.18527485446706002,
            0.1846662972184176,
            0.1859398674679505,
            0.1845386989044221,
            0.18514048191504365,
            0.1841599193176951,
            0.183603980264611,
            0.18398705355370243,
            0.18185812860562656,
            0.18254163342615518,
            0.18184484648441082,
            0.18188246181766413,
            0.1814153353592748,
            0.1808091045852963,
            0.17966926912905762,
            0.17984968651614355,
            0.17819636697927232,
            0.17811188700010325,
            0.17718348538238918,
            0.1771103363504726,
            0.1763692760280922,
            0.1761053645533971,
            0.1754545377598283,
            0.17459229071166635,
            0.17474862765760932,
            0.17356750956336878,
            0.1746454634883786,
            0.17359900932834513,
            0.1740149135253706,
            0.1742707664081844,
            0.17529545828672624,
            0.17406869502686664,
            0.17258242867598877,
            0.1713200983476463,
            0.1713891513439832,
            0.1704173044440496,
            0.17028810610758008,
            0.16949560014362933,
            0.16916549194803115,
            0.16856976372102347,
            0.16837488142276116,
            0.16938966235512967,
            0.1693141881932211,
            0.16720960888853828,
            0.16652663858885264,
            0.16627653234022538,
            0.1669193529292365,
            0.16515220133639172,
            0.16461532449085628,
            0.16450815026272728,
            0.1633986534334678,
            0.16378477685029993,
            0.1627644883334966,
            0.16197141121325132,
            0.1612189723861371,
            0.16040673497961372,
            0.1597452069020403,
            0.1601074536367016,
            0.15924086291377276,
            0.15874762962097183,
            0.15857101740867832,
            0.16007739250611644,
            0.1619859899824715,
            0.16164359614993987,
            0.16055671560610635,
            0.15912867256510543,
            0.15879588959735183,
            0.15636834263472268,
            0.15578934094743396,
            0.15654372444468967,
            0.15739983644055178,
            0.15893897765468717,
            0.15779124455557345,
            0.15438885882524275,
            0.15411948940920786,
            0.15229498330181254,
            0.1513935567649908,
            0.150459007910602,
            0.14976159388518465,
            0.14871618766371936,
            0.1484932378620513,
            0.1490636378746226,
            0.14899943637255147,
            0.14996293672869876,
            0.15000778455870367,
            0.15070795787851674,
            0.1495056134780687,
            0.14805005474314506,
            0.1479638214763357,
            0.14699045814313064,
            0.14662668032101725,
            0.14625939370079813,
            0.146369773325121,
            0.14741335540296405,
            0.14842898507034802,
            0.14744349043562488,
            0.1493264281398464,
            0.14796573472505994,
            0.14712018743294597,
            0.14673743749630824,
            0.1459571809454737,
            0.14599476071352457,
            0.14533858069837863,
            0.1435950747236582,
            0.14459819940791824,
            0.14227437931859033,
            0.1433623709731339,
