{
    "0": {
        "number of epochs": "100/100",
        "patience": 10,
        "learn rate": 0.0001,
        "dropout": 0.0,
        "train loss": [
            0.6074150205207354,
            0.39798506309533865,
            0.38743237808044884,
            0.37696683598925834,
            0.36698426918210686,
            0.3559762371727994,
            0.34320558302968907,
            0.33205509954175016,
            0.3296977744796219,
            0.33479340437587013,
            0.33343159834104785,
            0.3299816740920311,
            0.32781555820565195,
            0.325131885474119,
            0.3239611658931437,
            0.3159305681620294,
            0.30714521745072326,
            0.2996759972300099,
            0.28345495286786976,
            0.27652032001022914,
            0.25984460779536056,
            0.25622527529082467,
            0.25277091680749786,
            0.2551243950648861,
            0.2512339553890088,
            0.24111031020543852,
            0.23663631817034375,
            0.23176037579171127,
            0.23263923689366264,
            0.22975505861019782,
            0.22766472799892146,
            0.22255869700983305,
            0.2201018701984957,
            0.21876878978797745,
            0.2206776357267882,
            0.2181236275487183,
            0.21621690671307825,
            0.21210397458866814,
            0.2138161284927944,
            0.2107135475120931,
            0.20617540800878795,
            0.20623330947553695,
            0.21032182880528066,
            0.2081411590123923,
            0.20429763958050182,
            0.20870096257049076,
            0.20262664457711066,
            0.19790289642951325,
            0.2006095235079911,
            0.20373896057983348,
            0.1985743522753812,
            0.20094815061237273,
            0.1943456350549589,
            0.1981003912333845,
            0.19347781357295385,
            0.1935144438104735,
            0.19252865450048534,
            0.1904109539138239,
            0.20245156833699615,
            0.1909846469183653,
            0.1934479381168745,
            0.1913266659167151,
            0.19729836677538976,
            0.18789605436843185,
            0.18551589770870314,
            0.1851948896769441,
            0.18253902514665826,
            0.1844804292719667,
            0.1869436746144163,
            0.1846667953507896,
            0.18125190666806412,
            0.18217396922752563,
            0.18255178287323448,
            0.18084419048073982,
            0.1834768346385622,
            0.18146149462867617,
            0.17452104085058137,
            0.17906695461624456,
            0.17205058976760884,
            0.17557586644455433,
            0.1746260387407921,
            0.17284031558102667,
            0.17587956437638672,
            0.17122307392334632,
            0.17464669106414962,
            0.1710427610913693,
            0.1720404347771878,
            0.1734867519107313,
            0.16491677863163184,
            0.17271170525041513,
            0.16592652137986424,
            0.16852457599086657,
            0.1625492037111005,
            0.16285363816644166,
            0.16181898624747718,
            0.16426998313729055,
            0.15798249662361533,
            0.1666319993209663,
            0.15680215229206543,
            0.16653938070076824
        ],
        "validation loss": [
            0.42866365293987463,
            0.40217863291990563,
            0.39455767488870463,
            0.38247035810204805,
            0.3679981050921268,
            0.35968139718790526,
            0.359658665832926,
            0.3990728322599755,
            0.36463954947033866,
            0.3362578378349054,
            0.32927133655938945,
            0.3278718922958999,
            0.32541099581562105,
            0.3256648060728292,
            0.3246387619464124,
            0.3428426130873258,
            0.35773755292423437,
            0.3768620852564202,
            0.30555768775158243,
            0.2741140215123286,
            0.2747450456267498,
            0.28682264636774535,
            0.277860021493474,
            0.26839681629274714,
            0.26194152577978663,
            0.2576163758019932,
            0.2483550832896936,
            0.2577830377172251,
            0.23918395574952736,
            0.23989424891159183,
            0.22984366827323788,
            0.22588207780337724,
            0.2233751494376386,
            0.22742276284538332,
            0.21944223613035482,
            0.21748537753449113,
            0.21012778238194887,
            0.20925853340352168,
            0.2101550664080948,
            0.20355506070324633,
            0.20426324351889188,
            0.20437689443103602,
            0.20532443777459566,
            0.20397691404233215,
            0.19959286905702997,
            0.2007771686452334,
            0.19627506273691772,
            0.19451385272330926,
            0.19471709943208537,
            0.19425165286806764,
            0.1927052465130071,
            0.19147253622774218,
            0.1913521067529428,
            0.18906037191875646,
            0.18620789051055908,
            0.19033709656996806,
            0.18845332523838418,
            0.1924911600644471,
            0.1932048768293662,
            0.1900895934124462,
            0.18566244718481284,
            0.19085376844054364,
            0.1884107340554722,
            0.18411369963747556,
            0.1851759596926267,
            0.18158103330213515,
            0.18607184290885925,
            0.18081619895872522,
            0.1855690484164191,
            0.1804578631627755,
            0.18255367923955448,
            0.17755718553652527,
            0.18940022343494853,
            0.1798434555530548,
            0.18145884158181363,
            0.17800964121935797,
            0.18135318868472927,
            0.1755931269927103,
            0.1814681132797335,
            0.1745679390723588,
            0.17484194406720457,
            0.17767602718267284,
            0.17509238202063765,
            0.17498251380490476,
            0.1794192488076257,
            0.1749264988742891,
            0.17758184256123716,
            0.16913126531194467,
            0.17922697961330414,
            0.16869984518309109,
            0.17319735640385112,
            0.17088414801925908,
            0.16827150348757133,
            0.17094296827668048,
            0.1679342313379538,
            0.1678100555646615,
            0.169983086527371,
            0.16263533224825,
            0.16987847988722754,
            0.17289044133952405
        ]
    }
}