{
    "0": {
        "number of epochs": "195/1000",
        "patience": 25,
        "learn rate": 0.0001,
        "dropout": 0.0,
        "train loss": [
            0.4084411288712784,
            0.3811704662952634,
            0.36601118049129816,
            0.3464824212080427,
            0.3441902910587318,
            0.3409922863348193,
            0.3378069683991743,
            0.3363047782777642,
            0.33612901532188966,
            0.3373539057006274,
            0.33016463982466177,
            0.3326371589857351,
            0.33004611609829504,
            0.3215968303697983,
            0.3109754193882916,
            0.2961696439026469,
            0.27722421195186525,
            0.2667685126402101,
            0.26001589721957186,
            0.25587343099367554,
            0.2502337322050695,
            0.242603054362766,
            0.23695376413852032,
            0.23198691806301447,
            0.22877169882065684,
            0.225039085932419,
            0.2208659737259424,
            0.21916392739196727,
            0.21606082503527788,
            0.21635280316266786,
            0.21337790424981828,
            0.21209220933980047,
            0.20913016724762118,
            0.210084886950463,
            0.20738578709888633,
            0.20958761917512939,
            0.2063079747760713,
            0.2026870512501311,
            0.2002575794032485,
            0.19909131337595248,
            0.1979902721461231,
            0.1957288106172783,
            0.19496855158941961,
            0.1932788816989017,
            0.1907746545407873,
            0.18907936880601703,
            0.18820958429498127,
            0.18592816514424418,
            0.18453289082695767,
            0.18122370853937791,
            0.1805756784714827,
            0.17984143269984104,
            0.18010998702510286,
            0.1778770077623715,
            0.17715465978583797,
            0.1770775076379214,
            0.17268555041944564,
            0.1715912608975205,
            0.16990149970651772,
            0.16833824078461523,
            0.16617632225073503,
            0.16541305853956093,
            0.1626812523131432,
            0.16387252860855223,
            0.16438891139039238,
            0.1638899368969775,
            0.16388375217414033,
            0.16228093464839963,
            0.1643334449874323,
            0.1655869725439869,
            0.158547630653636,
            0.15686834080772505,
            0.15525031092526945,
            0.15431195426162875,
            0.15448068502199583,
            0.1605339055781426,
            0.16330461371449914,
            0.16039993423234472,
            0.15286352903913178,
            0.1526004007398314,
            0.14842423091387003,
            0.149857302534207,
            0.14687118809635907,
            0.14710439726518224,
            0.14431049629469603,
            0.14514984506050307,
            0.14665570545042855,
            0.14367381477827965,
            0.15728258277061455,
            0.1603420416431752,
            0.14502797552948718,
            0.1465688545400925,
            0.14188996814946003,
            0.14008954684653116,
            0.13782367288627237,
            0.13606890731424257,
            0.1344599507296283,
            0.13360499797824557,
            0.1322920503811722,
            0.13173556031443137,
            0.1326290828829312,
            0.1335949416016786,
            0.13111985352706734,
            0.12943262171898978,
            0.1271727706681299,
            0.12794346273164942,
            0.12625752441571342,
            0.12205329234154405,
            0.11914888928553456,
            0.11805977322449342,
            0.11741955002039177,
            0.1181955477891706,
            0.11861842047443706,
            0.11821086837826074,
            0.11626279587354889,
            0.11582416780361593,
            0.11592371601261486,
            0.11725754515845911,
            0.12013988972094397,
            0.11564389260873391,
            0.1147402380052851,
            0.12132975592193902,
            0.12101570017375121,
            0.11559265978209002,
            0.11503988026914017,
            0.1106189336785515,
            0.11022220009982477,
            0.11007919749776741,
            0.11001459717695665,
            0.11092172447818419,
            0.10853166338982503,
            0.10894663400028731,
            0.11734598272687603,
            0.11265951706504734,
            0.10842978298444554,
            0.10524413114478795,
            0.10563181184273399,
            0.10788895925215375,
            0.11211496223841363,
            0.11465095901522189,
            0.11047146529727658,
            0.10711955859516208,
            0.10500670441222235,
            0.10483533905520624,
            0.1034034275986652,
            0.10086185310866073,
            0.09975632289716113,
            0.09928860660800179,
            0.09840927687413566,
            0.0979113401382009,
            0.09801394532179086,
            0.09958936161538294,
            0.09763928128210879,
            0.09555923634141848,
            0.09561681298755151,
            0.09576137947059249,
            0.09545314056767944,
            0.09633111938642094,
            0.09580598670035656,
            0.09697084101414373,
            0.09604132571986587,
            0.09355297861672238,
            0.09122140261020449,
            0.09093786212126853,
            0.09092162309375697,
            0.09205325743660303,
            0.09343092121581785,
            0.09044863541591672,
            0.09052105669213482,
            0.08972144796483864,
            0.08971848417052906,
            0.08839741501524963,
            0.08829114314436254,
            0.08806514215842576,
            0.08777668255743182,
            0.08880400196623407,
            0.09174805982501467,
            0.09732625350822621,
            0.09368582622835869,
            0.0887405175585334,
            0.08679725935006888,
            0.0865695274556759,
            0.08741342558990306,
            0.08991547291120772,
            0.09090538982912541,
            0.09006774581927621,
            0.08787418402470717,
            0.08577114744300561,
            0.08611190605833166,
            0.08653060028511297,
            0.08927281822453546,
            0.08738411810681306,
            0.0854779334659954,
            0.08766696998647125,
            0.08583674996981525
        ],