{
    "0": {
        "number of epochs": 200,
        "patience": 10,
        "learn rate": 0.0001,
        "dropout": 0.0,
        "use saved model": false,
        "train_loss": [
            0.42219598154995325,
            0.3799698264998406,
            0.3763167404228372,
            0.3699222682369787,
            0.36419264585273703,
            0.35836189760248527,
            0.3526643734720311,
            0.3484141868890759,
            0.34379005876693935,
            0.34048581309959597,
            0.33698656447025954,
            0.33412127913032447,
            0.3308371304368007,
            0.3257137108354059,
            0.3196031307427703,
            0.3042604689440016,
            0.2866107865372196,
            0.27247635973531675,
            0.26211897718752725,
            0.255699846845525,
            0.2507436042771594,
            0.24734328404535466,
            0.24502104106419215,
            0.24310220627055862,
            0.24179001997737815,
            0.2401624973691849,
            0.23924652889069054,
            0.23911900428667474,
            0.2390134444882198,
            0.23813206706587123,
            0.23699441618023656,
            0.23612327621237789,
            0.2361736372799285,
            0.23621279418358707,
            0.23570520407477355,
            0.23363134092059584,
            0.23348091235367194,
            0.23365629795067439,
            0.23292903706403947,
            0.2327575165208971,
            0.2324778060557434,
            0.23192298162598196,
            0.2306627855390914,
            0.22979384970818656,
            0.2305435903823178,
            0.23114146297698082,
            0.22923020513567038,
            0.22774521221662314,
            0.22687063672156185,
            0.22615623696403608,
            0.22505778598412185,
            0.22354594806061703,
            0.2243541116872545,
            0.22512344818418198,
            0.22371743699024615,
            0.22278400635411946,
            0.2219867723861891,
            0.22113627546619535,
            0.22190353447231798,
            0.22114427426133587,
            0.22056037972425668,
            0.22047650814056396,
            0.21894634346277014,
            0.21884163335981072,
            0.21880045675880122,
            0.2183325591447384,
            0.21786779917186574,
            0.21724581507139223,
            0.21642473348267172,
            0.2152696413778688,
            0.21451428469483144,
            0.21398985234962203,
            0.21380839292405937,
            0.2122501449086609,
            0.21223681599834787,
            0.21179770800399955,
            0.21160425177156156,
            0.21102247566917764,
            0.2116239526708701,
            0.21115571370221414,
            0.21010451485329132,
            0.20902164055387837,
            0.20859566440678873,
            0.20794947214877407,
            0.20815014877591564,
            0.2075967781012449,
            0.207919349382815,
            0.20740839342276254,
            0.2064325774352634,
            0.206334939044703,
            0.20446696924131438,
            0.20332443922703217,
            0.20399132554812108,
            0.2051349619255979,
            0.20521743200431214,
            0.20483911133493068,
            0.20449316048819716,
            0.2031865870480599,
            0.20394666627406197,
            0.2033190959121202,
            0.20241899988708356,
            0.20265001206766833,
            0.20253099380386907,
            0.2029324265035696,
            0.20153247497797452,
            0.20095776765166506,
            0.2015439184385988,
            0.1999010819097909,
            0.2008041053681084,
            0.20156514518388288,
            0.2013873644516174,
            0.19792050353729923,
            0.19795679486258913,
            0.19740536622360047,
            0.19974100831244312,
            0.19728429401447758,
            0.1966703088737983,
            0.1970180649015346,
            0.19574182427061196,
            0.19528691138571358,
            0.19580807036018724,
            0.1972341649440112,
            0.19760221160577807,
            0.19746645028200377,
            0.19463752454376573,
            0.19242923189482855,
            0.1913165841423126,
            0.19122751046171066,
            0.19112280532580495,
            0.18987557001096328,
            0.19043527296564197,
            0.18883401158216032,
            0.18890111697203107,
            0.18699281743657303,
            0.1873222527198809,
            0.1863242744521322,
            0.1852773734768012,
            0.18611580009947823,
            0.1855923259565624,
            0.18592201790756943,
            0.18433625801272593,
            0.18518148576686397,
            0.1849281981889275,
            0.1849658897019662,
            0.18377656071115814,
            0.18457371644113166,
            0.18426334309094958,
            0.18386299260523217,
            0.18297044757211625,
            0.18386834640309735,
            0.18284220708119056,
            0.18261074764623167,
            0.18231988875246838,
            0.18300785017276996,
            0.18195552682130156,
            0.18139883752356575,
            0.18040488287120454,
            0.1811372468429815,
            0.18073814849388095,
            0.18148268443664353,
            0.18017668264676195,
            0.18068365914606477,
            0.17976827570966156,
            0.18009069638796713,
            0.17943204363077386,
            0.17982228566818695,
            0.17896587869519467,
            0.17942813938932964,
            0.17858417170262908,
            0.17883210723900664,
            0.17780464780594105,
            0.17835283841985805,
            0.1772879998767354,
            0.17768958013360672,
            0.1767051014123042,
            0.17730041221470244,
            0.17612185615970724,
            0.17674373526599527,
            0.17588800850494132,
            0.1764439826018244,
            0.1752677132850633,
            0.17577173869583487,
            0.17512307652232836,
            0.1756434121184586,
            0.17463680574907123,
            0.17485513133348463,
            0.17439347651013573,
            0.17488426409154087,
            0.17394639812341273,
            0.17407594777602517,
            0.17382984140520816,
            0.1742000180274303,
            0.1740717383214782,
            0.17399197432656754,
            0.17366882228390287,
            0.17356331232063898,
            0.173634292671035,
            0.17344988734353314,
            0.17372760462058404,
            0.17303669073963693
        ],