{
    "0": {
        "number of epochs": 200,
        "patience": 10,
        "learn rate": 0.0001,
        "dropout": 0.0,
        "use saved model": false,
        "train_loss": [
            0.8789014841531083,
            0.4565351793669425,
            0.40485322228452775,
            0.40175397400478413,
            0.4000688023988713,
            0.39702461991959953,
            0.39334640686244154,
            0.3907693095958035,
            0.38749273178985766,
            0.3852279775709078,
            0.3826567469710144,
            0.3789979461477606,
            0.3751852993148467,
            0.37254994783831785,
            0.37032583377857453,
            0.36984962894552104,
            0.36505793559178024,
            0.3619554675635273,
            0.36249009834029616,
            0.3634052577378781,
            0.34884274593154807,
            0.33022234293856895,
            0.324181930959554,
            0.3136695275978489,
            0.3081439143496104,
            0.3007753862970222,
            0.29635510990193753,
            0.2923524641529631,
            0.2879080162906735,
            0.2850782563892737,
            0.28436956588954115,
            0.2789014176933805,
            0.27798312101135814,
            0.27468777836247266,
            0.2726745071990714,
            0.2705800685599364,
            0.2686802299477119,
            0.2662182119614951,
            0.264380722057973,
            0.26294621762100945,
            0.26061158019425024,
            0.2588701121934431,
            0.2574698332264937,
            0.25646956152459316,
            0.2539659921580696,
            0.25321405900995597,
            0.2520318617203837,
            0.25131470895274566,
            0.24974273485483167,
            0.24782921692174661,
            0.2465722973340124,
            0.24542758818269875,
            0.24449513575429196,
            0.24383967747126276,
            0.24243097937568117,
            0.24174543257466558,
            0.24106822252054022,
            0.23938867436039293,
            0.2385541743171808,
            0.23774714446858147,
            0.2367221127447722,
            0.2361879164891568,
            0.235339746620115,
            0.23433672525606103,
            0.23343109398476547,
            0.23266259818226373,
            0.23202598770020416,
            0.23124673586633762,
            0.23029414719420024,
            0.2298275635167819,
            0.22910644819284232,
            0.228430580834877,
            0.2279652067859748,
            0.22721635096090714,
            0.2264037587805128,
            0.22558155694280102,
            0.2247473168878046,
            0.2238029983875721,
            0.2228587395468689,
            0.22238401404511643,
            0.22148274735960952,
            0.2209261249936088,
            0.2200060003809288,
            0.21964706903114284,
            0.21854854681105465,
            0.21804187050291626,
            0.21699525676599085,
            0.2172686802309082,
            0.21585737857590284,
            0.21611992408337954,
            0.2149020140342291,
            0.21431381876956032,
            0.21365901246035734,
            0.21342964914951534,
            0.21292916192753758,
            0.2129924294862958,
            0.21263223348621066,
            0.21312527492999153,
            0.21215088561204695,
            0.21256811807059012,
            0.21192952652991806,
            0.21170405299843564,
            0.21078664149478435,
            0.2106936704881942,
            0.20992997560382548,
            0.209752493772937,
            0.20916202933309705,
            0.2089620205963075,
            0.2084260260202608,
            0.20816082182180815,
            0.20762026342897785,
            0.207448811683646,
            0.2069628789170232,
            0.20679188084756034,
            0.2062920365434545,
            0.20613606359199046,
            0.20566734377960255,
            0.20545075098344195,
            0.20490470248691284,
            0.20472534953120883,
            0.20413910634609875,
            0.20403163343613098,
            0.20335037262619748,
            0.20335740762081814,
            0.20275867490259103,
            0.20284508577587415,
            0.202229676051254,
            0.20249903418850942,
            0.2018020633011233,
            0.2022186883246701,
            0.20141093998214377,
            0.20176753366081315,
            0.2011970953113686,
            0.2015334528838293,
            0.20060920687889747,
            0.20110448382616483,
            0.2002915713942951,
            0.2007511633261352,
            0.1997792875020324,
            0.20024452508044727,
            0.19884451043759482,
            0.20009479286152573,
            0.19828402068513973,
            0.19959486620312017,
            0.19779813212803934,
            0.1991811118896495,
            0.19778406356579692,
            0.19837851970564593,
            0.19709051440214365,
            0.197780538329762,
            0.19700925746455816,
            0.19699057258843936,
            0.19643741437194537,
            0.19692123062483294,
            0.19648432830420648,
            0.19789492570783113,
            0.19749906099303652,
            0.19609927670073113,
            0.19509467422193805,
            0.1946663660294004,
            0.19477512856214746,
            0.19447025750003907,
            0.19431611418065445,
            0.1938138384351414,
            0.19420844991562775,
            0.19366706002153744,
            0.19377864707899356,
            0.19342192741279005,
            0.19343130721352159,
            0.19322942894356904,
            0.1931210560912805,
            0.19304871850031297,
            0.19279107599627246,
            0.19292323491630414,
            0.19249293606035398,
            0.19283287995537782,
            0.19199853114660273,
            0.1925155038827032,
            0.1917402927882105,
            0.19204222659269968,
            0.19123528148587896,
            0.19154153223634865,
            0.19089562546043326,
            0.19088383990427407,
            0.1905311887764799,
            0.1904988823455122,
            0.19010767047027638,
            0.19009613870037634,
            0.18975060604663624,
            0.18975522222330118,
            0.18980878094832102
        ],