{
    "0": {
        "number of epochs": 200,
        "patience": 10,
        "learn rate": 0.0001,
        "dropout": 0.0,
        "use saved model": false,
        "train_loss": [
            0.41672370518329616,
            0.4030559093693124,
            0.3981175078542193,
            0.3962052822881421,
            0.39400887664949474,
            0.39253144616580143,
            0.3901945236199029,
            0.38854249131833213,
            0.38703620417342,
            0.38368642774734707,
            0.38101248934343596,
            0.37856193251811776,
            0.37376457123466617,
            0.362287533491795,
            0.3506890749953289,
            0.33552169031420687,
            0.3308264361780212,
            0.3140906228325424,
            0.3106735867360679,
            0.3015440623953417,
            0.29650598314366067,
            0.2914042734638762,
            0.2866337691222765,
            0.2843543159917793,
            0.280944992439962,
            0.27830077726977087
        ],
        "validation loss": [
            0.4124537012616142,
            0.4097109818067707,
            0.4062688003798,
            0.4048157378298337,
            0.40222137238158556,
            0.40109145641326904,
            0.3976145811745378,
            0.3963343686744815,
            0.39365677217968176,
            0.38922604429917257,
            0.387498351394153,
            0.3823592008137312,
            0.37596064805984497,
            0.3529397669385691,
            0.4047372077332168,
            0.3408492705861076,
            0.3726960352209748,
            0.35026877336814755,
            0.36620978888918143,
            0.3550182800801074,
            0.3585267848655826,
            0.35350958734262183,
            0.3509203293284432,
            0.35129367718931104,
            0.3463602398262649,
            0.3443761428848642
        ]
    }
}