{
    "0": {
        "number of epochs": 200,
        "patience": 10,
        "learn rate": 0.0001,
        "dropout": 0.0,
        "use saved model": false,
        "train_loss": [
            0.4354817769584515,
            0.38216751347369693,
            0.3809461242915517,
            0.3794930852798687,
            0.3781364504144995,
            0.3770386894434197,
            0.3756634437686611,
            0.37430154695475737,
            0.3727703698761555,
            0.3703528998306443,
            0.36875100030424846,
            0.36541010875728247,
            0.3622941505404028,
            0.3606170197437701,
            0.3561434007591086,
            0.3528485575323825,
            0.3451140583878723,
            0.3359496774594428,
            0.329471610253248,
            0.32866379558271686,
            0.3177295039591429,
            0.3124804670749229,
            0.3130166533902205,
            0.3205128675446765,
            0.3262048428998248,
            0.3165283369974098,
            0.3132754158688294,
            0.3129421226666558,
            0.3119927289626436,
            0.3107316610343329,
            0.309350798362746,
            0.30801777917596734,
            0.306863016076729,
            0.30563745605133297,
            0.30468645055210614,
            0.30321572251741397,
            0.3023730985696803,
            0.30098862405420446,
            0.3002357027368212,
            0.2986691092478856,
            0.29757311396835917,
            0.29624088934552384,
            0.2943293187719243,
            0.2946750844929978,
            0.2931699274214153,
            0.2917924064518558,
            0.2903187832560109,
            0.2900884847395108,
            0.2881200123118652,
            0.28687300081630657,
            0.28574874958719776,
            0.2839468275205426,
            0.28387743541988003,
            0.28092844479650425,
            0.2807860905184491,
            0.2756659827069903,
            0.2770640112967342,
            0.2770127454295782,
            0.2750138665101805,
            0.2752838455291523,
            0.27287826534792864,
            0.2724273654308108,
            0.2678076932772747,
            0.2672613090792633,
            0.266943562700384,
            0.2614066143062233,
            0.2572428006164277,
            0.2565099712234834,
            0.25350726803363355,
            0.25538179113720005,
            0.25334714888209137,
            0.25202124833402056,
            0.25008569320262464,
            0.24863894083442828,
            0.24720341274531946
        ],
        "validation loss": [
            0.4012949227309618,
            0.3960017312745579,
            0.39472204544505135,
            0.3931377847663692,
            0.3915625170606082,
            0.39001706437986405,
            0.388614045303376,
            0.3868821575993397,
            0.38502171879909075,
            0.3809765504031885,
            0.37883921285144617,
            0.37454891302546517,
            0.37135880696968954,
            0.36313332592854736,
            0.3537639379501343,
            0.34950460566849006,
            0.33507313982385106,
            0.32898857896445227,
            0.3464585723447018,
            0.3884205490839286,
            0.38015962624159017,
            0.3927838626455088,
            0.3847442621090373,
            0.365096890535511,
            0.3230768447039557,
            0.31922107641814185,
            0.32568317602892394,
            0.3253097925029817,
            0.32256181709101944,
            0.3198331926689773,
            0.3176573827618458,
            0.31656158996410055,
            0.3145262901900244,
            0.31402192399150036,
            0.3113566124048389,
            0.3116106029416694,
            0.3089683617724747,
            0.30917142844590983,
            0.3061834178009971,
            0.306331746402334,
            0.30533737481617534,
            0.3041399204340137,
            0.3065881699812217,
            0.301748411577256,
            0.30130729128102784,
            0.29841997291220995,
            0.29869051692915743,
            0.2937742256727375,
            0.2943739441574597,
            0.29300084710121155,
            0.2914005527730848,
            0.2927387058734894,
            0.28708607446951945,
            0.2905154897541296,
            0.29163423131723876,
            0.2921263077219979,
            0.29045687835724626,
            0.2834963564012871,
            0.2847999050968983,
            0.27660214754401663,
            0.27877780208822156,
            0.27537475990467386,
            0.27803170339005895,
            0.27876178944697144,
            0.27215925152184534,
            0.28319602178745584,
            0.2861380836025613,
            0.297886102414522,
            0.2935438009559131,
            0.2890333797110886,
            0.28510180799687496,
            0.2849119266525644,
            0.28417251295730717,
            0.28426588412191045,
            0.28672961377706685
        ]
    }
}