{
    "0": {
        "number of epochs": "95/1000",
        "patience": 25,
        "learn rate": 0.0001,
        "dropout": 0.0,
        "use saved model": false,
        "train loss": [
            0.6044233898105829,
            0.6020269008434337,
            0.5981804451540761,
            0.5915776943059071,
            0.5902395413621612,
            0.587000107149715,
            0.577854815384616,
            0.5611056288623292,
            0.5495909070191176,
            0.5444594104976758,
            0.5432166079788104,
            0.5434875791163548,
            0.5403699968820033,
            0.5353765079508657,
            0.5244312552006348,
            0.518812768323266,
            0.5114815479711347,
            0.5054585057432237,
            0.5016310901745505,
            0.4954854761776717,
            0.4887882796642573,
            0.4860520952421686,
            0.4840985397281854,
            0.48286941939074063,
            0.4806876686280188,
            0.47483544861492905,
            0.46798346143053926,
            0.4656856737059096,
            0.46178939323062485,
            0.45859886333346367,
            0.4567943774163723,
            0.4537342653974243,
            0.45058793963297555,
            0.44843578856924304,
            0.45094922427897866,
            0.4499968473354112,
            0.44365595102958055,
            0.44210181288097217,
            0.4391671867798204,
            0.436432633548975,
            0.4332190363303475,
            0.42902909267855727,
            0.4260650584879129,
            0.42475504266179126,
            0.4264324122796888,
            0.4259986466039782,
            0.4297362161071404,
            0.4235764221976633,
            0.4197422957614712,
            0.4175715587385323,
            0.41522144510046294,
            0.4125542543504549,
            0.41052492545998615,
            0.41045383040023886,
            0.41073131140159524,
            0.4080369726795217,
            0.4040146589927051,
            0.4057762175798416,
            0.40729774891034415,
            0.4039389125030974,
            0.4041711965008922,
            0.40327981211569,
            0.40125213595836057,
            0.3971134903638259,
            0.39083603834328445,
            0.3869537665792134,
            0.38475894101935887,
            0.3844866525867711,
            0.385915408477835,
            0.3923458141153273,
            0.38636526902732643,
            0.38269747696492984,
            0.3800054934361707,
            0.3793035147954588,
            0.37797930334573204,
            0.3766829023218673,
            0.3737594746053219,
            0.37202411161168764,
            0.3683688149827978,
            0.3678216479070809,
            0.3658629753019499,
            0.36287818460360816,
            0.36070401351089065,
            0.3571217136214609,
            0.3555999156087637,
            0.3549031104244616,
            0.3575885739663373,
            0.3582990631137205,
            0.3626536856526914,
            0.35833392543313297,
            0.3516519660049159,
            0.3448850645319275,
            0.3413444702392039,
            0.34048542153576145,
            0.3456780615708102
        ],
        "validation loss": [
            0.5092401318252087,
            0.5099685583263636,
            0.5006123203784227,
            0.49357411824166775,
            0.4941620025783777,
            0.4871520381420851,
            0.465653408318758,
            0.4453334901481867,
            0.43341069482266903,
            0.42776343040168285,
            0.4300616104155779,
            0.44002622924745083,
            0.4421645198017359,
            0.422702431678772,
            0.4153280723839998,
            0.39991122484207153,
            0.3943953923881054,
            0.3937179259955883,
            0.3946413341909647,
            0.38929363153874874,
            0.3809522408992052,
            0.3803303148597479,
            0.3810548596084118,
            0.38550575263798237,
            0.38256831280887127,
            0.37460021674633026,
            0.3690821696072817,
            0.36715276911854744,
            0.36634207144379616,
            0.3638715110719204,
            0.36280103772878647,
            0.36081891879439354,
            0.36093542352318764,
            0.35787755250930786,
            0.3650160599499941,
            0.35457804426550865,
            0.35270024091005325,
            0.35565660893917084,
            0.3510641008615494,
            0.351858152076602,
            0.3489077426493168,
            0.34861621633172035,
            0.3461946453899145,
            0.34984985180199146,
            0.35443435423076153,
            0.34740736335515976,
            0.3467328641563654,
            0.34425188787281513,
            0.3458683602511883,
            0.34543926641345024,
            0.3454216793179512,
            0.343712966889143,
            0.3525760043412447,
            0.34623222425580025,
            0.34326742589473724,
            0.33970836363732815,
            0.34880566596984863,
            0.34184177964925766,
            0.3384679052978754,
            0.34188373759388924,
            0.3372571039944887,
            0.3346392847597599,
            0.33431990444660187,
            0.3358040638267994,
            0.3396605346351862,
            0.34133097529411316,
            0.3525611665099859,
            0.3822336681187153,
            0.35402480885386467,
            0.33397394232451916,
            0.337356086820364,
            0.33539660833775997,
            0.3356808964163065,
            0.3461935557425022,
            0.34260933101177216,
            0.3512853588908911,
            0.3563811872154474,
            0.3525495957583189,
            0.34702833369374275,
            0.3427933771163225,
            0.36038272827863693,
            0.36842701956629753,
            0.36658202297985554,
            0.3625345602631569,
            0.36728039011359215,
            0.3681934271007776,
            0.37009619176387787,
            0.3819972090423107,
            0.3514361009001732,
            0.3575095124542713,
            0.38653694838285446,
            0.39270727150142193,
            0.42999133840203285,
            0.40324061922729015,
            0.3659755811095238
        ]
    }
}