{
    "0": {
        "number of epochs": "26/1000",
        "patience": 25,
        "learn rate": 0.0001,
        "dropout": 0.0,
        "use saved model": false,
        "train loss": [
            1.1002155343691509,
            1.098673743861062,
            1.0991811014357067,
            1.0994809922717868,
            1.099891409987495,
            1.1009965311913263,
            1.1034249067306519,
            1.1076006208147322,
            1.1126658490725927,
            1.1169716857728504,
            1.1195167331468492,
            1.1203083878471738,
            1.1198884220350356,
            1.1188478952362424,
            1.117653020790645,
            1.1165679068792433,
            1.1157326584770566,
            1.1151918201219468,
            1.114920633179801,
            1.1148644941193717,
            1.1149645788328988,
            1.1151519105547951,
            1.115379361879258,
            1.1156091831979298,
            1.1157588703291756,
            1.1158720254898071
        ],
        "validation loss": [
            1.098958969116211,
            1.0997754335403442,
            1.100333333015442,
            1.1013836860656738,
            1.1034601926803589,
            1.1070586442947388,
            1.1124452352523804,
            1.1185063123703003,
            1.1235300302505493,
            1.1265112161636353,
            1.1274744272232056,
            1.1270452737808228,
            1.1258834600448608,
            1.1244993209838867,
            1.123227596282959,
            1.1222223043441772,
            1.121567726135254,
            1.1212389469146729,
            1.1211740970611572,
            1.121298909187317,
            1.1215299367904663,
            1.1218219995498657,
            1.1221591234207153,
            1.1223764419555664,
            1.12262761592865,
            1.1227576732635498
        ]
    }
}