{
    "0": {
        "number of epochs": "51/1000",
        "patience": 50,
        "learn rate": 0.0001,
        "dropout": 0.0,
        "use saved model": false,
        "train loss": [
            1.1068738528660365,
            1.0966612952096122,
            1.0994349860009693,
            1.1001173626808893,
            1.100118651276543,
            1.1001189606530326,
            1.100119982446943,
            1.100121069522131,
            1.1001220799627758,
            1.1001229740324474,
            1.1001241150356473,
            1.1001249977520533,
            1.1001259883244832,
            1.100127032824925,
            1.1001279581160772,
            1.1001288947604952,
            1.100129777476901,
            1.100130821977343,
            1.1001317699750264,
            1.1001327605474562,
            1.1001336432638622,
            1.100134741692316,
            1.1001356896899996,
            1.1001367881184532,
            1.1001376169068473,
            1.100138715335301,
            1.1001395015489488,
            1.1001406113306682,
            1.10014165583111,
            1.1001425924755277,
            1.1001434751919337,
            1.100144584973653,
            1.1001454251153129,
            1.1001466313997905,
            1.1001474062601726,
            1.1001483656111217,
            1.100149344830286,
            1.1001504120372592,
            1.1001514026096888,
            1.1001524584633964,
            1.100153298605056,
            1.100154385680244,
            1.1001552911031813,
            1.1001564008849007,
            1.1001573375293188,
            1.1001581776709783,
            1.1001593413807096,
            1.1001601815223694,
            1.1001612913040888,
            1.1001622279485066,
            1.1001632412274678
        ],
        "validation loss": [
            1.0946738719940186,
            1.0991262197494507,
            1.100127935409546,
            1.100118637084961,
            1.100119709968567,
            1.1001205444335938,
            1.1001216173171997,
            1.1001225709915161,
            1.1001235246658325,
            1.100124716758728,
            1.1001254320144653,
            1.1001263856887817,
            1.1001275777816772,
            1.100128412246704,
            1.10012948513031,
            1.1001304388046265,
            1.1001312732696533,
            1.1001322269439697,
            1.1001332998275757,
            1.100134253501892,
            1.1001352071762085,
            1.1001362800598145,
            1.1001372337341309,
            1.1001381874084473,
            1.1001391410827637,
            1.10014009475708,
            1.1001410484313965,
            1.1001421213150024,
            1.1001430749893188,
            1.1001440286636353,
            1.1001452207565308,
            1.100145936012268,
            1.1001471281051636,
            1.1001479625701904,
            1.1001489162445068,
            1.1001499891281128,
            1.10015070438385,
            1.1001520156860352,
            1.100152850151062,
            1.1001538038253784,
            1.100154995918274,
            1.1001558303833008,
            1.1001569032669067,
            1.1001577377319336,
            1.1001588106155396,
            1.100159764289856,
            1.1001607179641724,
            1.1001616716384888,
            1.1001626253128052,
            1.1001636981964111,
            1.1001648902893066
        ]
    },
    "1": {
        "number of epochs": "184/1000",
        "patience": 50,
        "learn rate": 0.0001,
        "dropout": 0.0,
        "use saved model": false,
        "train loss": [
            1.1000297921044486,
            1.0986300451414925,
            1.0988151147252037,
            1.099100757212866,
            1.1004747038795835,
            1.1033854200726463,
            1.1079346395674206,
            1.112874945004781,
            1.1168873054640633,
            1.1191544050262088,
            1.1193549774941944,
            1.1176418094407945,
            1.1139679522741408,
            1.1102652152379353,
            1.1046363739740281,
            1.1192551170076643,
            1.1374610038030715,
            1.115832337311336,
            1.0954979374295188,
            1.0997122838383628,
            1.1337597512063526,
            1.1208627820014954,
            1.1084021698860895,
            1.1026924025444758,
            1.1004986677850996,
            1.0996268732207162,
            1.0987725144340879,
            1.0972577248300825,
            1.0936908211026872,
            1.0872074990045457,
            1.0832124806585766,
            1.081807655947549,
            1.113663443497249,
            1.1728960105351038,
            1.1530393731026423,
            1.1150009036064148,
            1.0985945803778512,
            1.0935884657360257,
            1.091561388401758,
            1.0959056984810602,
            1.101803793793633,
            1.0902150954518999,
            1.0659170264289493,
            1.0601064335732233,
            1.1473308517819358,
            1.1402819355328877,
            1.0845462310881842,
            1.1874575841994512,
            1.1813426642190843,
            1.1506517955235072,
            1.0737449782235282,
            1.0886186474845523,
            1.1200653371356784,
            1.103771990253812,
            1.0692148946580433,
            1.0479472818828763,
            1.0287309147062755,
            1.0331577090989976,
            1.0243592886697679,
            1.0311545814786638,
            1.0434426750455583,
            0.9806047564461118,
            0.9862064293452671,
            0.9940538917269025,
            1.0150916633151827,
            0.9777145925022307,
            1.0829004247983296,
            1.0703939767110915,
            1.0503196290561132,
            1.148209926627931,
            1.208264952614194,
            1.1767155045554751,
            1.005854143982842,
            1.1064897576967876,
            1.0856194042024159,
            0.9788112058525994,
            0.9785459666025071,
            0.9952798769587562,
            0.9731094581740243,
            0.9537830154101054,
            0.9367654238428388,
            0.9256547022433508,
            0.9174003615265801,
            0.9163595296087719,
            0.918554276227951,
            0.9063991691384997,
            0.9139287656261808,
            0.9368645066306704,
            0.9415318171183268,
            0.9296687699499584,
            0.8893544006915319,
            0.9237188895543417,
            0.9140674287364596,
            1.001479638474328,
            0.9210316382703327,
            0.9475367452417102,
            0.9309562685943785,
            0.9320233549390521,
            0.8865974985417866,
            0.8738373475415366,
            0.9121700340793246,
            0.8504915918622699,
            0.8858590097654433,
            0.9260679384072622,
            0.9141411710353124,
            0.8602412229492551,
            0.853227070399693,
            0.8874980665388561,
            0.8701292049317133,
            0.875931129569099,
            0.8592316337994167,
            0.8301513067313603,
            0.8213382377510979,
            0.8286656609603337,
            0.8185541714940753,
            0.818613901024773,
            0.8168041578360966,
            0.8164981461706615,
            0.815951121704919,
            0.8155325182846614,
            0.8120543970948174,
            1.0184547049658639,
            0.8247093089989254,
            0.8334492629482633,
            0.8236026990981329,
            0.814992048910686,
            0.8129635453224182,
            0.8095413205169496,
            0.8049877669130053,
            0.8071470998582386,
            0.8067214446408408,
            0.8044709165891012,
            0.8140438993771871,
            0.8064263775235131,
            0.8335485429990859,
            0.8008977813380105,
