{
    "0": {
        "number of epochs": "25/1000",
        "patience": 25,
        "learn rate": 0.0001,
        "dropout": 0.0,
        "use saved model": false,
        "train loss": [
            1.165208169392177,
            1.1909743490673246,
            1.195205325172061,
            1.1952945504869734,
            1.1953140866188776,
            1.1953206885428656,
            1.1953234331948417,
            1.1953247416587103,
            1.1953255051658267,
            1.1953259309132893,
            1.1953262686729431,
            1.1953265297980535,
            1.1953265638578505,
            1.195326640492394,
            1.195326824982961,
            1.1953268363362266,
            1.1953269555455162,
            1.1953268476894923,
            1.1953269016175043,
            1.1953269016175043,
            1.1953269016175043,
            1.19532691297077,
            1.19532691297077,
            1.19532691297077,
            1.19532691297077
        ],
        "validation loss": [
            1.1938315629959106,
            1.1953846216201782,
            1.1953716278076172,
            1.1953529119491577,
            1.1953436136245728,
            1.1953388452529907,
            1.1953362226486206,
            1.1953346729278564,
            1.1953338384628296,
            1.1953331232070923,
            1.195332646369934,
            1.195332407951355,
            1.1953320503234863,
            1.1953319311141968,
            1.1953319311141968,
            1.1953316926956177,
            1.1953316926956177,
            1.1953316926956177,
            1.1953315734863281,
            1.1953315734863281,
            1.1953315734863281,
            1.1953316926956177,
            1.1953316926956177,
            1.1953316926956177,
            1.1953316926956177
        ]
    }
}