{
    "0": {
        "number of epochs": "50/1000",
        "patience": 50,
        "learn rate": 0.0001,
        "dropout": 0.0,
        "use saved model": false,
        "train loss": [
            1.09888413974217,
            1.0985468143508548,
            1.0986385969888597,
            1.0992185672124226,
            1.1009167915298825,
            1.1024708322116308,
            1.104786285332271,
            1.1059123135748363,
            1.1056314593269712,
            1.1051754327047438,
            1.1049506664276123,
            1.1050437007631575,
            1.1053907161667234,
            1.105671865599496,
            1.1058168695086525,
            1.105886005219959,
            1.1058941057750158,
            1.1058806095804488,
            1.1058758894602458,
            1.1058859739984785,
            1.1058984228542872,
            1.1058961238179887,
            1.1058753388268607,
            1.1058471259616671,
            1.1058192338262285,
            1.1057945660182409,
            1.1057669491994948,
            1.105739848954337,
            1.1057164669036865,
            1.105681544258481,
            1.1056311896869115,
            1.105582600548154,
            1.1055467157136827,
            1.1055066017877488,
            1.1055208132380532,
            1.1057381800242834,
            1.1054247163590931,
            1.105417822088514,
            1.1054139307567052,
            1.1054003607659113,
            1.1051070945603507,
            1.1053784234183175,
            1.105420484429314,
            1.1054268507730394,
            1.105176417600541,
            1.1052439666929699,
            1.1052931689080738,
            1.1052045651844569,
            1.1050651045072646,
            1.1051068192436582
        ],
        "validation loss": [
            1.09991455078125,
            1.101328730583191,
            1.1035300493240356,
            1.1062504053115845,
            1.107702612876892,
            1.1084147691726685,
            1.1068223714828491,
            1.1039258241653442,
            1.1018328666687012,
            1.1010080575942993,
            1.1012496948242188,
            1.102208137512207,
            1.1032484769821167,
            1.1043405532836914,
            1.1052626371383667,
            1.1059151887893677,
            1.1062757968902588,
            1.1063755750656128,
            1.1062757968902588,
            1.1060431003570557,
            1.1057690382003784,
            1.105555534362793,
            1.1054768562316895,
            1.1055625677108765,
            1.1057649850845337,
            1.1059516668319702,
            1.1060177087783813,
            1.1059565544128418,
            1.1058568954467773,
            1.1058279275894165,
            1.105822205543518,
            1.1057318449020386,
            1.1056227684020996,
            1.1055108308792114,
            1.105398178100586,
            1.1048468351364136,
            1.1054891347885132,
            1.1055418252944946,
            1.1051071882247925,
            1.104521632194519,
            1.105010986328125,
            1.1053897142410278,
            1.1048593521118164,
            1.1039756536483765,
            1.1044137477874756,
            1.1048072576522827,
            1.1043298244476318,
            1.1038780212402344,
            1.1040340662002563,
            1.1039937734603882
        ]
    }
}