{
    "0": {
        "number of epochs": "35/1000",
        "patience": 25,
        "learn rate": 0.0001,
        "dropout": 0.0,
        "use saved model": false,
        "train loss": [
            1.0987337884448825,
            1.0795166662761144,
            1.0551761559077673,
            1.0190129847753615,
            1.0048773033278329,
            0.981578304654076,
            0.9662949726695106,
            0.9360477995304834,
            0.9312002857526144,
            0.9157247287886483,
            0.9234258007435572,
            0.8893374062719799,
            0.8792398699692318,
            0.8763749925863176,
            0.8703514337539673,
            0.8287603798366728,
            0.8169881800810496,
            0.8027121651740301,
            0.785723226411002,
            0.7864700257778168,
            0.7649926926408496,
            0.7551449750150953,
            0.7544249807085309,
            0.7405453480425335,
            0.7422723543076288,
            0.7492205983116513,
            0.7302111585934957,
            0.7413619529633295,
            0.7601833598954337,
            0.7908991546857924,
            0.8340033008938744,
            0.7385743402299427,
            0.7474535746233804,
            0.7736137353238606,
            0.7234693538574946
        ],
        "validation loss": [
            1.1137667894363403,
            1.0919420719146729,
            1.0546060800552368,
            1.0293937921524048,
            1.0597211122512817,
            1.054606318473816,
            1.1138901710510254,
            1.0335395336151123,
            1.1716474294662476,
            0.9911863803863525,
            1.0685367584228516,
            1.1566094160079956,
            1.1719940900802612,
            1.0359653234481812,
            1.1321769952774048,
            1.1739087104797363,
            1.1206473112106323,
            1.1423299312591553,
            1.1766310930252075,
            1.183387279510498,
            1.1952012777328491,
            1.1817957162857056,
            1.1877728700637817,
            1.1897815465927124,
            1.175834059715271,
            1.1964330673217773,
            1.1296716928482056,
            1.1430180072784424,
            1.086267352104187,
            1.2329767942428589,
            1.1529356241226196,
            1.0911589860916138,
            1.1741399765014648,
            1.1882243156433105,
            1.1380566358566284
        ]
    }
}