{
    "0": {
        "number of epochs": "33/1000",
        "patience": 25,
        "learn rate": 0.0001,
        "dropout": 0.0,
        "use saved model": false,
        "train loss": [
            1.1788316312290372,
            1.216692444824037,
            1.215393875326429,
            1.2048719553720384,
            1.1748774818011694,
            1.1791460741133917,
            1.1783274185089838,
            1.1661901871363323,
            1.1052978606451125,
            1.1159792996588207,
            1.0416231921740942,
            0.9705033614521935,
            0.9094402421088446,
            0.8592891579582578,
            0.8012498716513315,
            0.7651010340168363,
            0.7198186161972228,
            0.6840049894083113,
            0.6593106672877357,
            0.6373736418428875,
            0.614482411316463,
            0.5954507802213941,
            0.581459227062407,
            0.5719480400993711,
            0.5657153938497815,
            0.5612140993277231,
            0.5581785426253364,
            0.5561961517447517,
            0.5548595289389292,
            0.5539033710956573,
            0.5532400196506864,
            0.5527900826363337,
            0.552483164128803
        ],
        "validation loss": [
            1.2157570123672485,
            1.2147345542907715,
            1.2067245244979858,
            1.182606816291809,
            1.1802507638931274,
            1.1783651113510132,
            1.1652072668075562,
            1.0386732816696167,
            1.1424914598464966,
            1.110828161239624,
            1.1059573888778687,
            1.1168593168258667,
            1.1129430532455444,
            1.0935362577438354,
            1.092333436012268,
            1.090488076210022,
            1.0907782316207886,
            1.0931549072265625,
            1.0945279598236084,
            1.0935001373291016,
            1.0930370092391968,
            1.0927826166152954,
            1.0929579734802246,
            1.0939832925796509,
            1.0949681997299194,
            1.0958261489868164,
            1.0965590476989746,
            1.09706449508667,
            1.0972002744674683,
            1.0972965955734253,
            1.0973989963531494,
            1.0975614786148071,
            1.0976961851119995
        ]
    }
}