{
    "0": {
        "number of epochs": "75/1000",
        "patience": 25,
        "learn rate": 0.0001,
        "dropout": 0.0,
        "use saved model": false,
        "train loss": [
            0.6274378299713135,
            0.6111757962600045,
            0.6017930183721625,
            0.5964182550492494,
            0.5907540230647378,
            0.5894537801327913,
            0.5806765517462855,
            0.5623166431551394,
            0.5542071811530901,
            0.549515003743379,
            0.5391405470993208,
            0.5317017176876897,
            0.5262223093406014,
            0.5200471761433975,
            0.5131388228872548,
            0.5052817891473356,
            0.4981179600176604,
            0.49207005293472955,
            0.4920332354048024,
            0.48698438898376795,
            0.4829342313434767,
            0.47864849541498267,
            0.4750100983225781,
            0.4719555961049121,
            0.46854378218236176,
            0.46557985829270404,
            0.46341647013374,
            0.46152611659920734,
            0.45991318640501605,
            0.4573804062345754,
            0.454939322627109,
            0.4511867010075113,
            0.44951953836109326,
            0.44694797759470734,
            0.44237925565761066,
            0.4393528842407724,
            0.4360340898451598,
            0.4347096370614093,
            0.430783915778865,
            0.4293602536553922,
            0.4240429841953775,
            0.4213291652824568,
            0.41879285677619604,
            0.4194249173869257,
            0.41919941098793695,
            0.4139988124370575,
            0.4144304291061733,
            0.40975196206051373,
            0.41625892079394794,
            0.41018944071686786,
            0.4008810390596804,
            0.4021105714466261,
            0.40162125877712085,
            0.39899377200914465,
            0.39411406024642615,
            0.3938787631366564,
            0.39201778173446655,
            0.3891095674556235,
            0.38596660157908563,
            0.3865176154219586,
            0.3847772258779277,
            0.3842859177485756,
            0.3866915029028188,
            0.3851528893346372,
            0.38285616558531055,
            0.3792695305917574,
            0.37566503364106885,
            0.37311263576797815,
            0.3714288732279902,
            0.36851932043614594,
            0.3663930128449979,
            0.36494780947332794,
            0.36384680089743243,
            0.3642371627299682,
            0.36494957688062085
        ],
        "validation loss": [
            0.5396571755409241,
            0.5165283679962158,
            0.5051582455635071,
            0.5019966214895248,
            0.49726442992687225,
            0.4919344633817673,
            0.4751320481300354,
            0.46057838201522827,
            0.4506491869688034,
            0.4419069290161133,
            0.42908355593681335,
            0.4287189394235611,
            0.4147340804338455,
            0.41635000705718994,
            0.4038984477519989,
            0.39830997586250305,
            0.3916298598051071,
            0.388667032122612,
            0.39485952258110046,
            0.3866383284330368,
            0.3838353455066681,
            0.37941308319568634,
            0.37630750238895416,
            0.3762707859277725,
            0.375326544046402,
            0.37510477006435394,
            0.3717336058616638,
            0.3714244216680527,
            0.369843065738678,
            0.3663853704929352,
            0.37009888887405396,
            0.36541345715522766,
            0.36434774100780487,
            0.36309589445590973,
            0.36074209213256836,
            0.3612552434206009,
            0.36211685836315155,
            0.35835593938827515,
            0.36233167350292206,
            0.35627858340740204,
            0.35772451758384705,
            0.3506642132997513,
            0.355548158288002,
            0.3502165377140045,
            0.34828485548496246,
            0.3537968397140503,
            0.34852565824985504,
            0.3564817011356354,
            0.34892643988132477,
            0.34489668905735016,
            0.3523416072130203,
            0.37082718312740326,
            0.35237739980220795,
            0.35317061841487885,
            0.35033394396305084,
            0.36317406594753265,
            0.34814023971557617,
            0.36263948678970337,
            0.3652637451887131,
            0.35539212822914124,
            0.37396419048309326,
            0.38644348084926605,
            0.39939723908901215,
            0.3861042261123657,
            0.356625035405159,
            0.37974365055561066,
            0.3812444359064102,
            0.37662293016910553,
            0.38161851465702057,
            0.3841039389371872,
            0.3894677013158798,
            0.39283034205436707,
            0.37640903890132904,
            0.36722855269908905,
            0.3687216341495514
        ]
    }
}