{
    "dice": 0.7360834804735695,
    "jaccard": 0.5850145505377791
}