{
    "dice": 0.661956028243444,
    "jaccard": 0.5025655791370149
}