{
    "UNet": {
        "dice": 0.8829563836769625,
        "jacard": 0.7914276915142298
    },
    "Transfer": {
        "dice": 0.7645691729305202,
        "jacard": 0.6194509555110201
    },
    "ShortUNet": {
        "dice": 0.8418819058820484,
        "jacard": 0.7279226500673027
    },
    "ShortTransfer": {
        "dice": 0.7793714468359255,
        "jacard": 0.6392923356045195
    }
}