{
    "0": {
        "number of epochs": "160/1000",
        "patience": 25,
        "learn rate": 0.0001,
        "dropout": 0.0,
        "use saved model": false,
        "train loss": [
            0.666791041692098,
            0.3794289612199281,
            0.37376190664359876,
            0.36730981537211227,
            0.36106703563509285,
            0.3571207680315822,
            0.35061219362044643,
            0.3440670986311651,
            0.3397648024405344,
            0.33559202214850464,
            0.3265688611438042,
            0.31894305683192187,
            0.32701375581063397,
            0.30728478051900426,
            0.30177970716307834,
            0.29555269362298603,
            0.28947976879212955,
            0.27900791629243293,
            0.2700820222743967,
            0.26426154473868524,
            0.2596133608185784,
            0.25525587857537946,
            0.25233484840305254,
            0.25037306190415204,
            0.24827940133614654,
            0.2465632545245506,
            0.2450138426507595,
            0.24358803944912624,
            0.24263540722608126,
            0.24108273235473843,
            0.23974165243558024,
            0.23863997073024237,
            0.2371946751632304,
            0.2353609676848459,
            0.23378987028563658,
            0.23226315803949346,
            0.23062343327380017,
            0.229929074892023,
            0.22871841147240135,
            0.22786587795060861,
            0.2263179463411563,
            0.22576515003352754,
            0.2239486303996864,
            0.22402439295257653,
            0.22133516765870223,
            0.22157432770092403,
            0.2209112643372288,
            0.2206595158873342,
            0.2193954942909174,
            0.21762927504973298,
            0.21680647129292427,
            0.21617374007982884,
            0.21447056787119387,
            0.21415636050437695,
            0.21276241192391784,
            0.2125686669163063,
            0.21252429054477157,
            0.21084153525956648,
            0.21125709000652446,
            0.2096719109825447,
            0.21033839148711103,
            0.2084175702836193,
            0.20857458914292232,
            0.20714026598969876,
            0.2074240831380391,
            0.20635582701496877,
            0.2061169499575982,
            0.20543150214090752,
            0.20439874799321808,
            0.20410806108025994,
            0.20367637765122162,
            0.2031192993590845,
            0.20258356762525126,
            0.2021701309562388,
            0.20163089541879586,
            0.20182227193760388,
            0.20092850520136607,
            0.20095311859914172,
            0.200646856130816,
            0.2002665050615922,
            0.19950054314255056,
            0.1999694531848637,
            0.19856673758991517,
            0.19962102836117998,
            0.19791896073199108,
            0.197376298640973,
            0.19736063392561884,
            0.19720316847055658,
            0.1970603467131627,
            0.19626042529474086,
            0.19751270897480663,
            0.19701610560465474,
            0.196670128715192,
            0.19528952847418424,
            0.1964232037684316,
            0.1953526561321694,
            0.19377564486548388,
            0.1943829258557402,
            0.1941547631997869,
            0.19404882445080723,
            0.19318195828965576,
            0.1922242238596219,
            0.19196193161700092,
            0.19186174575904896,
            0.19200367621844205,
            0.19209717579089916,
            0.19155672796303835,
            0.19253046566390639,
            0.19181331122228892,
            0.1902610429632949,
            0.18946754792447906,
            0.19029806724459647,
            0.18993140425032234,
            0.19002697824004824,
            0.18949342196598018,
            0.18886782733884744,
            0.18875507338051417,
            0.18997496649156398,
            0.19096868286255753,
            0.19066746947295538,
            0.1900271164119573,
            0.18947935760240747,
            0.1886028201485646,
            0.18810419872759895,
            0.18745833764308945,
            0.18685483452255117,
            0.1862636153375246,
            0.1865138004827236,
            0.18549142594056453,
            0.1867157553989804,
            0.18711465997810084,
            0.18647524486698938,
            0.18625525814613145,
            0.18625649044197568,
            0.18588841082202356,
            0.18475625991931058,
            0.18544530728574615,
            0.18530859226021318,
            0.18621956895947675,
            0.1849756732884911,
            0.18616022507130112,
            0.18522129648298188,
            0.18491828570598617,
            0.18472222209964667,
            0.1850051430378171,
            0.18523551699316085,
            0.1860237412195838,
            0.18727447998128544,
            0.18692351413914732,
            0.1880048373456818,
            0.18495938881655424,
            0.18622523856316703,
            0.1837527644348847,
            0.18564863297162135,
            0.18331165630953528,
            0.18403129724178524,
            0.18506213808586583,
            0.1871737133622389,
            0.1855832703315531,
            0.18614025652737906
        ],