{
    "0": {
        "number of epochs": "253/1000",
        "patience": 25,
        "learn rate": 0.0001,
        "dropout": 0.0,
        "use saved model": false,
        "train loss": [
            0.434120726739065,
            0.3779377589897556,
            0.3689580661815833,
            0.35910962777243133,
            0.3494606826516146,
            0.33757961888559174,
            0.3289089564021341,
            0.3243657058005394,
            0.31631058580748067,
            0.3137370828765532,
            0.3027780624603918,
            0.2887911100633456,
            0.2785295606427869,
            0.2741897302108575,
            0.2632313294415096,
            0.255944739279387,
            0.25026688473659325,
            0.24341690606175206,
            0.24003071163679793,
            0.2357562422532842,
            0.2331817698961683,
            0.2293428220472283,
            0.23056393834328345,
            0.23091820848361344,
            0.22596169525198295,
            0.22714875166477638,
            0.22586915956237258,
            0.21846030896759386,
            0.21946756322190686,
            0.21737451810204522,
            0.21699973501772732,
            0.2135705144365848,
            0.2115841071304915,
            0.20939497965255935,
            0.20998764463441366,
            0.2074718993726576,
            0.208055858261897,
            0.2080992882587633,
            0.20615466048814096,
            0.20467998389271302,
            0.20185339461813095,
            0.2030930530629764,
            0.20171117241979744,
            0.2002432758527127,
            0.19974228391221435,
            0.19833028733620547,
            0.19769099862426245,
            0.1961861291478352,
            0.1942967356458773,
            0.1948451431636213,
            0.19631629372718803,
            0.19534358903628468,
            0.19197687479233436,
            0.19142034444031794,
            0.18883738550143128,
            0.18784810503872718,
            0.18240283885164593,
            0.18374786230960163,
            0.18804812587756478,
            0.18377556477572157,
            0.1821760349730321,
            0.18185257071948183,
            0.17816209559831392,
            0.1780203424709717,
            0.17813862989181534,
            0.17470558171553288,
            0.17571425945609534,
            0.17090362123802003,
            0.1696534581057055,
            0.16999555342105213,
            0.16904903855003264,
            0.16952732391998473,
            0.16826045749156734,
            0.16465887413608873,
            0.16468081525895698,
            0.16597059489833277,
            0.1622118628266547,
            0.15977564514451703,
            0.156746379276446,
            0.15813316857617205,
            0.1561825682664664,
            0.158880812220591,
            0.16197756917985984,
            0.1573348051386424,
            0.16109863118462361,
            0.15925360892249296,
            0.1541414303125378,
            0.14916984555800317,
            0.15426430199466798,
            0.15042299150213131,
            0.14985859866080803,
            0.14638131398632162,
            0.14639054955039893,
            0.14576426104506954,
            0.14470617647383974,
            0.14313577237653907,
            0.14333727585347317,
            0.14260822583957272,
            0.1431195631513499,
            0.13973432386887447,
            0.1371874201967352,
            0.13639931542658235,
            0.137573199363813,
            0.13596679819113203,
            0.13874901485377253,
            0.13662339622089656,
            0.13603252814619582,
            0.1356349131486912,
            0.13299071141149896,
            0.13489643005486132,
            0.1306242729995132,
            0.12928063989124686,
            0.13032669044386178,
            0.12870072948010586,
            0.1296671888830473,
            0.1279862875300657,
            0.128702475454377,
            0.12955845480795064,
            0.1305210725653018,
            0.12520789313876168,
            0.12993881837713564,
            0.1301326916911545,
            0.12603341281743338,
            0.12767296701559924,
            0.12225584478613202,
            0.1231004103990769,
            0.12389929381303805,
            0.12649476165929552,
            0.12476883320957696,
            0.121976339863699,
            0.11808968017059576,
            0.11584042192438469,
            0.11521720113730123,
            0.11359270817118236,
            0.11242165732065397,
            0.11169609360218487,
            0.1114080375262826,
            0.11210113954533091,
            0.11341365673759365,
            0.11681902457995968,
            0.11550251037760553,
            0.1133721287381144,
            0.10941320472494673,
            0.10754920060628027,
            0.10567530236356167,
            0.10539044022669888,
            0.10470130359050758,
            0.10405339067373047,
            0.10284501075415321,
            0.10190389655242309,
            0.10239439144812895,
            0.10449199853241993,
            0.11298329182806155,
            0.111449988109521,
            0.10516009616972553,
            0.10137596826581885,
            0.0990073275829547,
            0.09793989898201291,
            0.09903440878316623,
            0.09960741688313844,
            0.10040145541642471,
            0.10084783224111103,
            0.10303487197854462,
            0.11554099864997039,
            0.1294855765765104,
            0.12741136756720464,
            0.10703556434445179,
            0.09987076610656075,
            0.09876428511590589,
            0.0991685026176068,
            0.09976484530483601,
            0.10160583672053687,
            0.10023511135281779,
            0.10208175973503629,
            0.10359641835505133,
            0.10328550381555084,
            0.10521927890307776,
            0.10109019670532553,
            0.09797487270711315,
            0.09758303524380889,
            0.09700311705277989,
            0.09729091008065155,
            0.09678123519510634,
            0.0950562567424379,
            0.09402911745107854,
            0.09335445074800189,
            0.09075483538443652,
            0.09060316456011865,
            0.08939340141212523,
            0.0892131367413598,
            0.08905100626236387,
            0.08895198034866958,
            0.08757142659489402,
            0.08673572547143775,
            0.086943534170286,
            0.08745937087808085,
            0.08736272570617072,
            0.0886061913702589,
            0.08773296853290737,
            0.08815254507034084,
            0.08934192264771593,
            0.09210364932184062,
            0.09333851471076793,
            0.09139673394008675,
            0.0995332788586836,
            0.09787672926872475,
            0.0993858391683185,
            0.09275426719728755,
            0.09075470617243378,
            0.08667379997766698,
            0.08535203876910288,
            0.08579868069999126,
            0.08438707278907628,
            0.08706362677213236,
            0.0859378056110159,
            0.08870634909986791,
            0.09215343797075155,
            0.08740416440845195,
            0.08549224579806267,
            0.0845765146541771,
            0.08456717681270058,
            0.08215734737189435,
            0.08090415030278773,
            0.07953574169516343,
            0.07859905472996045,
            0.07808533652546656,
            0.07806410042236303,
            0.07795924318758822,
            0.07772439472638001,
            0.0777987707989431,
            0.07778117938814462,
            0.07918832226078375,
            0.0793875307393557,
            0.08069444442267357,
            0.08225716960583822,
            0.08287379601164198,
            0.08310009297635235,
            0.08345411889405979,
