{
    "dice": 0.7748899718519512,
    "jaccard": 0.6483956956433127
}