{
    "dice": 0.8215216386259012,
    "jaccard": 0.711053673294334
}