{
    "dice": 0.7496497751992279,
    "jaccard": 0.6104093531184094
}