{
    "dice": 0.8436354963914622,
    "jaccard": 0.7415178221147255
}